search_brand,search_product,shop,product_name,weight,mrp,special_price
3 Roses,Tea,DMart,Brooke Bond 3 Roses Tea : 500 gms,500 gm,300.00,275.00
3 Roses,Tea,DMart,Brooke Bond 3 Roses Tea : 250 gms,250 gm,155.00,145.00
3 Roses,Tea,DMart,Brooke Bond 3Roses Nature Care Tea : 500 gms,500 gm,320.00,290.00
3 Roses,Tea,DMart,Dabur Hajmola Regular : 120 Tablets,120 Tablets,40.00,37.00
3 Roses,Tea,DMart,Eno Fruit Salt Lemon Flavour : 30 gms,30 gm,48.00,44.00
7 Up,Soft Drink,DMart,7 Up : 2.25 Litres,2.25 L,90.00,70.00
7 Up,Soft Drink,DMart,Thums Up : 1.75 Litres,1.75 L,90.00,75.00
7 Up,Soft Drink,DMart,Rebalanz Tasty Apple Drink : 200 ml,200 ml,35.00,21.00
7 Up,Soft Drink,DMart,Fanta : 1.75 Litres,1.75 L,85.00,70.00
7 Up,Soft Drink,DMart,Limca : 1.75 Litres,1.75 L,90.00,72.00
ACT II,Popcorn,DMart,Makai For Popcorn : 200 gms,200 gm,29.00,24.00
Adidas,Deodrant,DMart,Kamasutra Spark Men Deodorant : 260 ml,260 ml,299.00,160.00
Adidas,Deodrant,DMart,Engage Blush Women Deodorant : 150 ml,150 ml,195.00,160.00
Adidas,Deodrant,DMart,Axe Dark Temptation Deodorant Body Spray : 150 ml,150 ml,200.00,120.00
Adidas,Deodrant,DMart,Cinthol Lime Refreshing Deo Soap : 4x150 gms,600 gm,140.00,129.00
Adidas,Deodrant,DMart,Nivea Aqua Cool Roll On : 50 ml,50 ml,185.00,140.00
Anurag,Cooking Oil,DMart,Anurag Deeparadhana Pooja Oil : 900 ml,900 ml,150.00,95.00
Anurag,Cooking Oil,DMart,Saffola Gold Oil : 1 Litre,1 L,159.00,149.00
Anurag,Cooking Oil,DMart,Saffola Gold Oil : 5 Litres,5 L,825.00,775.00
Anurag,Cooking Oil,DMart,Swaad Refined Sunflower Oil : 1 Litre,1 L,120.00,99.00
Anurag,Cooking Oil,DMart,Fortune Sunlite Refined Sunflower Oil : 1 Litre,1 L,133.00,102.00
Appy Fizz,Juice,DMart,Minute Maid Apple Juice : 1 Litre,1 L,105.00,55.00
Appy Fizz,Juice,DMart,Minute Maid Guava Juice : 1 Litre,1 L,105.00,53.00
Appy Fizz,Juice,DMart,Real Pomegranate Juice : 1 Litre,1 L,110.00,95.00
Appy Fizz,Juice,DMart,Real Fruit Power Guava Juice : 1 Litre,1 L,100.00,70.00
Appy Fizz,Juice,DMart,Real Fruit Power Mixed Fruit Juice : 1 Litre,1 L,105.00,80.00
Aswini,Hair Oil,DMart,Dabur Almond Hair Oil : 500 ml,500 ml,280.00,235.00
Aswini,Hair Oil,DMart,Dabur Amla Hair Oil : 450 ml,450 ml,199.00,179.00
Aswini,Hair Oil,DMart,Johnson's Baby Hair Oil : 100 ml,100 ml,80.00,75.00
Aswini,Hair Oil,DMart,Johnson's Baby Hair Oil : 200 ml,200 ml,120.00,112.00
Aswini,Hair Oil,DMart,Bajaj Almond Drops Hair Oil : 300 ml,300 ml,175.00,160.00
Bisleri,Mineral Water,DMart,Kinley Drinking Water : 1 Litre,1 L,20.00,16.00
Bisleri,Mineral Water,DMart,Dabur Gulabari Rose Water : 120 ml,120 ml,45.00,42.00
Boost,Soft Drink,DMart,Boost Jar : 450 gms,450 gm,247.00,232.00
Boost,Soft Drink,DMart,Boost Health Drink Refill : 450 gms,450 gm,234.00,219.00
Boost,Soft Drink,DMart,Boost Health Drink Refill : 750 gms,750 gm,360.00,334.00
Boost,Soft Drink,DMart,Rebalanz Tasty Apple Drink : 200 ml,200 ml,35.00,21.00
Boost,Soft Drink,DMart,Fanta : 1.75 Litres,1.75 L,85.00,70.00
Britannia,Rusks,DMart,Parle Real Elaichi Rusk : 400 gms,400 gm,57.00,52.00
Britannia,Rusks,DMart,Britannia Little Hearts Classic : 75 gms,75 gm,20.00,18.00
Britannia,Rusks,DMart,Britannia Good Day Chocochip Cookies : 100 gms,100 gm,30.00,27.00
Britannia,Rusks,DMart,Britannia Good Day Choco Almond Cookies : 100 gms,100 gm,50.00,45.00
Britannia,Rusks,DMart,Britannia Marie Gold Biscuit : 1 kg,1 kg,120.00,99.00
Brooke Bond,Tea,DMart,Brooke Bond Taj Mahal Tea : 1 kg (New),1 kg,600.00,554.00
Brooke Bond,Tea,DMart,Brooke Bond Red Label Tea : 1 kg,1 kg,450.00,410.00
Brooke Bond,Tea,DMart,Brooke Bond Red Label Tea : 500 gms,500 gm,220.00,200.00
Brooke Bond,Tea,DMart,Brooke Bond Red Label Tea : 250 gms,250 gm,115.00,105.00
Brooke Bond,Tea,DMart,Brooke Bond 3 Roses Tea : 500 gms,500 gm,300.00,275.00
Bru,Coffee,DMart,Bru Green Label Coffee : 500 gms,500 gm,168.00,153.00
Bru,Coffee,DMart,Bru Instant Coffee : 50 gms,50 gm,90.00,84.00
Bru,Coffee,DMart,Bru Instant Coffee : 200 gms,200 gm,360.00,325.00
Bru,Coffee,DMart,House Instant Coffee : 50 gms,50 gm,78.00,39.00
Bru,Coffee,DMart,Continental Xtra Instant South Blend : 50 gms,50 gm,95.00,47.00
Cadbury Dairy milk,Chocolate,DMart,Cadbury Dairy Milk Silk Bubbly Chocolate : 120 gms,120 gm,170.00,150.00
Cadbury Dairy milk,Chocolate,DMart,Cadbury Dairy Milk Silk Fruit & Nut Chocolate : 137 gms,137 gm,160.00,149.00
Cadbury Dairy milk,Chocolate,DMart,Cadbury Dairy Milk Silk Home Treats : 162 gms,162 gm,200.00,180.00
Cadbury Dairy milk,Chocolate,DMart,Cadbury Fuse Home Treats : 170.5 gms,170.5 gm,149.00,135.00
Cadbury Dairy milk,Chocolate,DMart,Cadbury Choclairs Gold Pouch : 632.5 gms,632.5 gm,200.00,175.00
Cadbury Five star,Chocolate,DMart,Cadbury Dairy Milk Silk Bubbly Chocolate : 120 gms,120 gm,170.00,150.00
Cadbury Five star,Chocolate,DMart,Cadbury Dairy Milk Silk Fruit & Nut Chocolate : 137 gms,137 gm,160.00,149.00
Cadbury Five star,Chocolate,DMart,Cadbury Dairy Milk Silk Home Treats : 162 gms,162 gm,200.00,180.00
Cadbury Five star,Chocolate,DMart,Cadbury Fuse Home Treats : 170.5 gms,170.5 gm,149.00,135.00
Cadbury Five star,Chocolate,DMart,Cadbury Choclairs Gold Pouch : 632.5 gms,632.5 gm,200.00,175.00
 ,Chana Dal,DMart,Chana Dal : 500 gms,500 gm,43.00,36.00
 ,Chana Dal,DMart,Chana Dal : 1 kg,1 kg,84.00,70.00
 ,Chana Dal,DMart,Loose Chana Dal : 1 kg,1 kg,61.00,61.00
 ,Chana Dal,DMart,Chana Small : 500 gms,500 gm,44.00,36.50
 ,Chana Dal,DMart,Chana Green : 500 gms,500 gm,57.00,48.00
Cinthol,Bath Soap,DMart,Cinthol Original Deodorant & Complexion Soap : 100 gms,100 gm,35.00,32.00
Cinthol,Bath Soap,DMart,Cinthol Lime Refreshing Deo Soap : 4x150 gms,600 gm,140.00,129.00
Cinthol,Bath Soap,DMart,Cinthol Original Soap : 4x150 gms,4x150 gm,212.00,195.00
Cinthol,Bath Soap,DMart,Cinthol Lime Refreshing Deo Soap : 4x100 gms,4x100 gm,124.00,115.00
Cinthol,Bath Soap,DMart,Mysore Luxury Bath Soap : 3x150 gms,3x150 gm,190.00,170.00
Cinthol,Deodrant,DMart,Cinthol Original Deodorant & Complexion Soap : 100 gms,100 gm,35.00,32.00
Cinthol,Deodrant,DMart,Cinthol Lime Refreshing Deo Soap : 4x150 gms,600 gm,140.00,129.00
Cinthol,Deodrant,DMart,Kamasutra Spark Men Deodorant : 260 ml,260 ml,299.00,160.00
Cinthol,Deodrant,DMart,Engage Blush Women Deodorant : 150 ml,150 ml,195.00,160.00
Cinthol,Deodrant,DMart,Axe Dark Temptation Deodorant Body Spray : 150 ml,150 ml,200.00,120.00
Clinic Plus,Shampoo,DMart,Clinic Plus Strong & Long Health Shampoo : 650 ml,650 ml,385.00,345.00
Clinic Plus,Shampoo,DMart,Boro Plus Antiseptic Cream : 80 ml,80 ml,115.00,95.00
Clinic Plus,Shampoo,DMart,Boro Plus Antiseptic Cream : 120 ml,120 ml,150.00,139.00
Clinic Plus,Shampoo,DMart,Vcare Hair Color Black Shampoo : 25 ml,25 ml,99.00,85.00
Clinic Plus,Shampoo,DMart,TRESemme Smooth & Shine Shampoo : 580 ml,580 ml,445.00,399.00
Close Up,Tooth Paste,DMart,Closeup Ever Fresh Red Hot Gel Toothpaste : 2x150 gms,2x150 gm,172.00,150.00
Close Up,Tooth Paste,DMart,Closeup Ever Fresh Red Hot Gel Toothpaste : 2x150 gms,2x150 gm,163.00,145.00
Close Up,Tooth Paste,DMart,Patanjali Dant Kanti Tooth Paste : 500 gms,500 gm,170.00,158.00
Close Up,Tooth Paste,DMart,Colgate Dentalcream Strong Tooth Paste : 200 gms,200 gm,95.00,89.00
Close Up,Tooth Paste,DMart,Sensodyne Fresh Gel Toothpaste : 130 gms,130 gm,190.00,175.00
Coca Cola,Soft Drink,DMart,Rebalanz Tasty Apple Drink : 200 ml,200 ml,35.00,21.00
Coca Cola,Soft Drink,DMart,Fanta : 1.75 Litres,1.75 L,85.00,70.00
Coca Cola,Soft Drink,DMart,Limca : 1.75 Litres,1.75 L,90.00,72.00
Coca Cola,Soft Drink,DMart,Pepsi : 2.25 Litres,2.25 L,90.00,72.00
Coca Cola,Soft Drink,DMart,7 Up : 2.25 Litres,2.25 L,90.00,70.00
Colgate Active Salt,Tooth Paste,DMart,Colgate Active Salt Toothpaste : 300 gms,300 gm,132.00,122.00
Colgate Active Salt,Tooth Paste,DMart,Colgate Active Salt Neem Toothpaste : 200 gms,200 gm,100.00,94.00
Colgate Active Salt,Tooth Paste,DMart,Colgate Dentalcream Strong Tooth Paste : 200 gms,200 gm,95.00,89.00
Colgate Active Salt,Tooth Paste,DMart,Patanjali Dant Kanti Tooth Paste : 500 gms,500 gm,170.00,158.00
Colgate Active Salt,Tooth Paste,DMart,Colgate Swarna Vedshakti Toothpaste : 2x200 gms,400 gm,170.00,158.00
Colgate MaxFresh,Tooth Paste,DMart,Colgate Dentalcream Strong Tooth Paste : 200 gms,200 gm,95.00,89.00
Colgate MaxFresh,Tooth Paste,DMart,Colgate MaxFresh Spicy Fresh Toothpaste : 300 gms,300 gm,190.00,176.00
Colgate MaxFresh,Tooth Paste,DMart,Patanjali Dant Kanti Tooth Paste : 500 gms,500 gm,170.00,158.00
Colgate MaxFresh,Tooth Paste,DMart,Colgate Swarna Vedshakti Toothpaste : 2x200 gms,400 gm,170.00,158.00
Colgate MaxFresh,Tooth Paste,DMart,Colgate Bubble Fruit Flavour Toothpaste : 40 gms,40 gm,40.00,37.00
Colgate,Tooth Brush,DMart,Colgate Zigzag Medium Toothbrush : 6 U,6 U,99.00,84.00
Colgate,Tooth Brush,DMart,Colgate Ultra Soft Sensitive Toothbrush,4 U,99.00,84.00
Colgate,Tooth Brush,DMart,Colgate Kids Barbie Extra Soft Toothbrush,1 U,79.00,74.00
Colgate,Tooth Brush,DMart,Colgate Kids Superhero Extra Soft Toothbrush,1 U,79.00,60.00
Colgate,Tooth Brush,DMart,Oraldent Deep Clean Soft Toothbrush : 2 Units,2 U,50.00,39.00
Colgate,Tooth Paste,DMart,Colgate Dentalcream Strong Tooth Paste : 200 gms,200 gm,95.00,89.00
Colgate,Tooth Paste,DMart,Patanjali Dant Kanti Tooth Paste : 500 gms,500 gm,170.00,158.00
Colgate,Tooth Paste,DMart,Colgate Swarna Vedshakti Toothpaste : 2x200 gms,400 gm,170.00,158.00
Colgate,Tooth Paste,DMart,Colgate Bubble Fruit Flavour Toothpaste : 40 gms,40 gm,40.00,37.00
Colgate,Tooth Paste,DMart,Colgate Active Salt Toothpaste : 300 gms,300 gm,132.00,122.00
Dabur Red,Tooth Paste,DMart,Patanjali Dant Kanti Tooth Paste : 500 gms,500 gm,170.00,158.00
Dabur Red,Tooth Paste,DMart,Dabur Red Toothpaste : 200 gms,200 gm,99.00,92.00
Dabur Red,Tooth Paste,DMart,Dabur Red Toothpaste : 2x200 gms,2x200 gm,184.00,160.00
Dabur Red,Tooth Paste,DMart,Colgate Dentalcream Strong Tooth Paste : 200 gms,200 gm,95.00,89.00
Dabur Red,Tooth Paste,DMart,Dabur Meswak Toothpaste : 2 x 200 gms,400 gm,188.00,160.00
Dettol,Bath Soap,DMart,Dettol Intense Cool 2X Menthol Soap : 4x125 gms,4x125 gm,206.00,192.00
Dettol,Bath Soap,DMart,Dettol Original Soap : 3x75 gms,3x75 gm,107.00,100.00
Dettol,Bath Soap,DMart,Mysore Luxury Bath Soap : 3x150 gms,3x150 gm,190.00,170.00
Dettol,Bath Soap,DMart,Mysore Sandal Soap : 125 gms,125 gm,62.00,56.00
Dettol,Bath Soap,DMart,Mysore Sandal Soap : 150 gms,150 gm,75.00,67.00
Dettol,Floor Cleaner,DMart,Germinil Herbal Perfumed Floor Cleaner : 1 Litre,1 L,75.00,40.00
Dettol,Floor Cleaner,DMart,Germinil Jasmin Perfumed Floor Cleaner : 1 Litre,1 L,75.00,40.00
Dettol,Floor Cleaner,DMart,Sparkle Disinfectant Floor Cleaner - Citrus : 1 Litre,1 L,100.00,85.00
Dettol,Floor Cleaner,DMart,Sparkle Disinfectant Floor Cleaner - Citrus : 2 Litres,2 L,200.00,150.00
Dettol,Floor Cleaner,DMart,Sparkle Disinfectant Floor Cleaner - Floral : 1 Litre,1 L,100.00,85.00
Dettol,Hand Wash,DMart,Dettol Hand Sanitizer : 50 ml,50 ml,95.00,24.00
Dettol,Hand Wash,DMart,Dettol Original Liquid Handwash Pump : 200 ml,200 ml,99.00,93.00
Dettol,Hand Wash,DMart,Hand Aid Handwash Skin Care : 750 ml,750 ml,110.00,60.00
Dettol,Hand Wash,DMart,Dettol Original Soap : 3x75 gms,3x75 gm,107.00,100.00
Dettol,Hand Wash,DMart,Dettol Liquid Handwash Refill - Original : 175 ml,175 ml,58.00,54.00
Domex,Bathroom Cleaner,DMart,Domex Lime Fresh & Clean Toilet Cleaner : 750 ml,750 ml,130.00,95.00
Domex,Bathroom Cleaner,DMart,Harpic Bathroom Cleaner - Lemon : 500 ml,500 ml,94.00,88.00
Domex,Bathroom Cleaner,DMart,Harpic Bathroom Cleaner Lemon : 1 Litre,1 L,172.00,160.00
Domex,Bathroom Cleaner,DMart,Germinil Herbal Perfumed Floor Cleaner : 1 Litre,1 L,75.00,40.00
Domex,Bathroom Cleaner,DMart,Germinil Jasmin Perfumed Floor Cleaner : 1 Litre,1 L,75.00,40.00
Domex,Floor Cleaner,DMart,Germinil Herbal Perfumed Floor Cleaner : 1 Litre,1 L,75.00,40.00
Domex,Floor Cleaner,DMart,Germinil Jasmin Perfumed Floor Cleaner : 1 Litre,1 L,75.00,40.00
Domex,Floor Cleaner,DMart,Sparkle Disinfectant Floor Cleaner - Citrus : 1 Litre,1 L,100.00,85.00
Domex,Floor Cleaner,DMart,Sparkle Disinfectant Floor Cleaner - Citrus : 2 Litres,2 L,200.00,150.00
Domex,Floor Cleaner,DMart,Sparkle Disinfectant Floor Cleaner - Floral : 1 Litre,1 L,100.00,85.00
Dove,Bath Soap,DMart,Dove Cream Beauty Bathing Bar : 6x100 gms,6x100 gm,402.00,372.00
Dove,Bath Soap,DMart,Dove Cream Beauty Bathing Bar : 3x100 gms,3x100 gm,172.00,142.00
Dove,Bath Soap,DMart,Dove Cream Beauty Bathing Bar : 4x100 gms,4x100 gm,285.00,255.00
Dove,Bath Soap,DMart,Mysore Luxury Bath Soap : 3x150 gms,3x150 gm,190.00,170.00
Dove,Bath Soap,DMart,Mysore Sandal Soap : 125 gms,125 gm,62.00,56.00
Dove,Hair Conditioner,DMart,Dove Hair Fall Rescue Shampoo : 650 ml,650 ml,500.00,330.00
Dove,Hair Conditioner,DMart,Dove Daily Shine Shampoo : 650 ml,650 ml,500.00,330.00
Dove,Hair Conditioner,DMart,Dove Intense Repair Shampoo : 340 ml,340 ml,270.00,230.00
Dove,Hair Conditioner,DMart,Dove Intense Repair Shampoo : 650 ml,650 ml,500.00,330.00
Dove,Hair Conditioner,DMart,Dove Cream Beauty Bathing Bar : 6x100 gms,6x100 gm,402.00,372.00
Dove,Shampoo,DMart,Dove Daily Shine Shampoo : 650 ml,650 ml,500.00,330.00
Dove,Shampoo,DMart,Dove Intense Repair Shampoo : 340 ml,340 ml,270.00,230.00
Dove,Shampoo,DMart,Dove Intense Repair Shampoo : 650 ml,650 ml,500.00,330.00
Dove,Shampoo,DMart,Dove Hair Fall Rescue Shampoo : 650 ml,650 ml,500.00,330.00
Dove,Shampoo,DMart,Vcare Hair Color Black Shampoo : 25 ml,25 ml,99.00,85.00
Engage,Deodrant,DMart,Engage Blush Women Deodorant : 150 ml,150 ml,195.00,160.00
Engage,Deodrant,DMart,Kamasutra Spark Men Deodorant : 260 ml,260 ml,299.00,160.00
Engage,Deodrant,DMart,Axe Dark Temptation Deodorant Body Spray : 150 ml,150 ml,200.00,120.00
Engage,Deodrant,DMart,Cinthol Lime Refreshing Deo Soap : 4x150 gms,600 gm,140.00,129.00
Engage,Deodrant,DMart,Nivea Aqua Cool Roll On : 50 ml,50 ml,185.00,140.00
Ensure,Soft Drink,DMart,Rebalanz Tasty Apple Drink : 200 ml,200 ml,35.00,21.00
Ensure,Soft Drink,DMart,Fanta : 1.75 Litres,1.75 L,85.00,70.00
Ensure,Soft Drink,DMart,Limca : 1.75 Litres,1.75 L,90.00,72.00
Ensure,Soft Drink,DMart,Pepsi : 2.25 Litres,2.25 L,90.00,72.00
Ensure,Soft Drink,DMart,7 Up : 2.25 Litres,2.25 L,90.00,70.00
Fanta,Soft Drink,DMart,Fanta : 1.75 Litres,1.75 L,85.00,70.00
Fanta,Soft Drink,DMart,Rebalanz Tasty Apple Drink : 200 ml,200 ml,35.00,21.00
Fanta,Soft Drink,DMart,Limca : 1.75 Litres,1.75 L,90.00,72.00
Fanta,Soft Drink,DMart,Pepsi : 2.25 Litres,2.25 L,90.00,72.00
Fanta,Soft Drink,DMart,7 Up : 2.25 Litres,2.25 L,90.00,70.00
Fogg,Deodrant,DMart,Fogg Absolute Body Spray : 120 ml,120 ml,200.00,110.00
Fogg,Deodrant,DMart,Fogg Marco Fragrance Body Spray : 150 ml,150 ml,250.00,170.00
Fogg,Deodrant,DMart,Fogg Napoleon Fragrance Body Spray : 150 ml,150 ml,250.00,170.00
Fogg,Deodrant,DMart,Fogg Dynamic Fragrance Body Spray : 120 ml,120 ml,200.00,110.00
Fogg,Deodrant,DMart,Fogg Extreme Fragrance Body Spray : 120 ml,120 ml,200.00,110.00
Fortune,Cooking oil,DMart,Fortune Sunlite Refined Sunflower Oil : 1 Litre,1 L,133.00,102.00
Fortune,Cooking oil,DMart,Fortune Sunlite Refined Sunflower Oil : 5 Litres,5 L,685.00,520.00
Fortune,Cooking oil,DMart,Fortune Rice Bran Health Oil : 1 Litre,1 L,130.00,102.00
Fortune,Cooking oil,DMart,Fortune Rice Bran Health Oil : 5 Litres,5 L,725.00,610.00
Fortune,Cooking oil,DMart,Fortune Mustard Oil : 1 Litre,1 L,164.00,138.00
Freedom,Cooking oil,DMart,Freedom Sunflower Oil : 1 Litre,1 L,123.00,98.00
Freedom,Cooking oil,DMart,Freedom Sunflower Oil : 5 Litres,5 L,600.00,510.00
Freedom,Cooking oil,DMart,Freedom Groundnut Oil : 1 Litre,1 L,170.00,148.00
Freedom,Cooking oil,DMart,Freedom Sunflower Oil : 1 Litre,1 L,123.00,100.00
Freedom,Cooking oil,DMart,Freedom Rice Bran Oil : 1 Litre,1 L,123.00,102.00
Frooti,Juice,DMart,Minute Maid Apple Juice : 1 Litre,1 L,105.00,55.00
Frooti,Juice,DMart,Minute Maid Guava Juice : 1 Litre,1 L,105.00,53.00
Frooti,Juice,DMart,Real Pomegranate Juice : 1 Litre,1 L,110.00,95.00
Frooti,Juice,DMart,Real Fruit Power Guava Juice : 1 Litre,1 L,100.00,70.00
Frooti,Juice,DMart,Real Fruit Power Mixed Fruit Juice : 1 Litre,1 L,105.00,80.00
Garnier,Hair Conditioner,DMart,Garnier Color Naturals 3.16 Burgundy Hair Colour - 60 ml + 50 gms : 1 Unit,60 ml,180.00,165.00
Garnier,Hair Conditioner,DMart,Garnier Deep Black 1.0 Natural Hair Colour : 20 ml,20 ml,37.00,34.00
Garnier,Hair Conditioner,DMart,Garnier Color Naturals 1 Black Hair Colour - 60 ml + 50 gms : 1 Unit,60 ml,190.00,175.00
Garnier,Hair Conditioner,DMart,Garnier Men Power White Double Action Facewash : 100 gms,100 gm,195.00,181.00
Garnier,Hair Conditioner,DMart,Comfort After Wash Anti Bacterial Fabric Conditioner : 860 ml,860 ml,218.00,202.00
Hamam,Bath Soap,DMart,Mysore Luxury Bath Soap : 3x150 gms,3x150 gm,190.00,170.00
Hamam,Bath Soap,DMart,Mysore Sandal Soap : 125 gms,125 gm,62.00,56.00
Hamam,Bath Soap,DMart,Mysore Sandal Soap : 150 gms,150 gm,75.00,67.00
Hamam,Bath Soap,DMart,Mysore Sandal Soap : 3x150 gms,3x150 gm,220.00,195.00
Hamam,Bath Soap,DMart,Jo Lime Soap : 4x150 gms,4x150 gm,100.00,70.00
Harpic,Bathroom Cleaner,DMart,Harpic Bathroom Cleaner - Lemon : 500 ml,500 ml,94.00,88.00
Harpic,Bathroom Cleaner,DMart,Harpic Bathroom Cleaner Lemon : 1 Litre,1 L,172.00,160.00
Harpic,Bathroom Cleaner,DMart,Force 10 Power Max Toilet Cleaner : 750 ml,750 ml,55.00,49.00
Harpic,Bathroom Cleaner,DMart,Harpic Power Plus Toilet Cleaner - Original : 500 ml,500 ml,89.00,83.00
Harpic,Bathroom Cleaner,DMart,Harpic Power Plus Toilet Cleaner - Original : 900 ml,900 ml,180.00,166.00
Harpic,Floor Cleaner,DMart,Germinil Herbal Perfumed Floor Cleaner : 1 Litre,1 L,75.00,40.00
Harpic,Floor Cleaner,DMart,Germinil Jasmin Perfumed Floor Cleaner : 1 Litre,1 L,75.00,40.00
Harpic,Floor Cleaner,DMart,Sparkle Disinfectant Floor Cleaner - Citrus : 1 Litre,1 L,100.00,85.00
Harpic,Floor Cleaner,DMart,Sparkle Disinfectant Floor Cleaner - Citrus : 2 Litres,2 L,200.00,150.00
Harpic,Floor Cleaner,DMart,Sparkle Disinfectant Floor Cleaner - Floral : 1 Litre,1 L,100.00,85.00
Head & Shoulders,Shampoo,DMart,Head & Shoulders Anti-Hairfall Shampoo : 650 ml,650 ml,550.00,511.00
Head & Shoulders,Shampoo,DMart,Head & Shoulders Anti-Dandruff Smooth & Silky Shampoo : 650 ml,650 ml,550.00,475.00
Head & Shoulders,Shampoo,DMart,Head & Shoulders Silky Black Shampoo : 650 ml,650 ml,550.00,511.00
Head & Shoulders,Shampoo,DMart,Head & Shoulders Anti-Dandruff Cool Menthol Shampoo : 650 ml,650 ml,550.00,511.00
Head & shoulders,Hair Conditioner,DMart,Head & Shoulders Anti-Hairfall Shampoo : 650 ml,650 ml,550.00,511.00
Head & shoulders,Hair Conditioner,DMart,Head & Shoulders Anti-Dandruff Smooth & Silky Shampoo : 650 ml,650 ml,550.00,475.00
Head & shoulders,Hair Conditioner,DMart,Head & Shoulders Silky Black Shampoo : 650 ml,650 ml,550.00,511.00
Head & shoulders,Shampoo,DMart,Head & Shoulders Anti-Hairfall Shampoo : 650 ml,650 ml,550.00,511.00
Head & shoulders,Shampoo,DMart,Head & Shoulders Anti-Dandruff Smooth & Silky Shampoo : 650 ml,650 ml,550.00,475.00
Head & shoulders,Shampoo,DMart,Head & Shoulders Silky Black Shampoo : 650 ml,650 ml,550.00,511.00
Head & shoulders,Shampoo,DMart,Head & Shoulders Anti-Dandruff Cool Menthol Shampoo : 650 ml,650 ml,550.00,511.00
Himalaya,Bath Soap,DMart,Himalaya Neem Turmeric Soap : 4x125 gms,4X125 gm,160.00,140.00
Himalaya,Bath Soap,DMart,Mysore Luxury Bath Soap : 3x150 gms,3x150 gm,190.00,170.00
Himalaya,Bath Soap,DMart,Mysore Sandal Soap : 125 gms,125 gm,62.00,56.00
Himalaya,Bath Soap,DMart,Mysore Sandal Soap : 150 gms,150 gm,75.00,67.00
Himalaya,Bath Soap,DMart,Mysore Sandal Soap : 3x150 gms,3x150 gm,220.00,195.00
Himalaya,Tooth Paste,DMart,Patanjali Dant Kanti Tooth Paste : 500 gms,500 gm,170.00,158.00
Himalaya,Tooth Paste,DMart,Colgate Dentalcream Strong Tooth Paste : 200 gms,200 gm,95.00,89.00
Himalaya,Tooth Paste,DMart,Sensodyne Fresh Gel Toothpaste : 130 gms,130 gm,190.00,175.00
Himalaya,Tooth Paste,DMart,Sensodyne Fresh Mint Toothpaste : 130 gms,130 gm,190.00,176.00
Himalaya,Tooth Paste,DMart,Sensodyne Repair & Protect Toothpaste : 70 gms,70 gm,175.00,164.00
 ,Jaggery,DMart,Jaggery : 450 gms,450 gm,40.00,34.00
 ,Jaggery,DMart,Jaggery : 900 gms,900 gm,80.00,64.50
 ,Jaggery,DMart,Mast Mast Premium Jaggery : 900 gms,900 gm,80.00,64.50
 ,Jaggery,DMart,Keshar Premium Natural Jaggery Jar : 900 gms,900 gm,100.00,92.00
 ,Jaggery,DMart,Premia Sakariya : 200 gms,200 gm,18.00,13.50
Johnson's,Shampoo,DMart,Johnson's Baby Shampoo : 500 ml,500 ml,360.00,320.00
Johnson's,Shampoo,DMart,Johnson's Baby Cotton Buds,75 U,88.00,44.00
Johnson's,Shampoo,DMart,Johnson's Baby Powder : 400 gms,400 gm,200.00,111.00
Johnson's,Shampoo,DMart,Johnson's Baby Hair Oil : 200 ml,200 ml,120.00,112.00
Johnson's,Shampoo,DMart,Johnson's Baby Hair Oil : 100 ml,100 ml,80.00,75.00
Kesh King,Hair oil,DMart,Kesh King Anti Hairfall Shampoo : 340 ml,340 ml,210.00,105.00
Kesh King,Hair oil,DMart,Dabur Almond Hair Oil : 500 ml,500 ml,280.00,235.00
Kesh King,Hair oil,DMart,Dabur Amla Hair Oil : 450 ml,450 ml,199.00,179.00
Kesh King,Hair oil,DMart,Johnson's Baby Hair Oil : 100 ml,100 ml,80.00,75.00
Kesh King,Hair oil,DMart,Johnson's Baby Hair Oil : 200 ml,200 ml,120.00,112.00
Kinley,Mineral Water,DMart,Kinley Drinking Water : 1 Litre,1 L,20.00,16.00
Kinley,Mineral Water,DMart,Dabur Gulabari Rose Water : 120 ml,120 ml,45.00,42.00
Lakme,Face Powder,DMart,Whitetone Pearl Face Powder : 75 gms,75 gm,125.00,100.00
Lakme,Face Powder,DMart,White Tone Soft Shade Face Powder : 50 gms,50 gm,75.00,60.00
Lakme,Face Powder,DMart,Himalaya Purifying Neem Face Wash : 200 ml,200 ml,190.00,152.00
Lakme,Face Powder,DMart,Himalaya Purifying Neem Face Wash : 150 ml,150 ml,156.00,145.00
Lakme,Face Powder,DMart,Clean & Clear Foaming Facewash : 150 ml,150 ml,165.00,153.00
Lifebuoy,Bath Soap,DMart,Mysore Luxury Bath Soap : 3x150 gms,3x150 gm,190.00,170.00
Lifebuoy,Bath Soap,DMart,Mysore Sandal Soap : 125 gms,125 gm,62.00,56.00
Lifebuoy,Bath Soap,DMart,Mysore Sandal Soap : 150 gms,150 gm,75.00,67.00
Lifebuoy,Bath Soap,DMart,Mysore Sandal Soap : 3x150 gms,3x150 gm,220.00,195.00
Lifebuoy,Bath Soap,DMart,Jo Lime Soap : 4x150 gms,4x150 gm,100.00,70.00
Lifebuoy,Hand Wash,DMart,Lifebuoy Hand Sanitizer : 500 ml,500 ml,250.00,232.00
Lifebuoy,Hand Wash,DMart,Lifebuoy Hand Sanitizer : 30 ml,30 ml,15.00,14.00
Lifebuoy,Hand Wash,DMart,Lifebuoy Total Hand Sanitizer : 240 ml,240 ml,299.00,118.00
Lifebuoy,Hand Wash,DMart,Lifebuoy Immunity Boosting Hand Sanitizer Total 10 : 190 ml,190 ml,95.00,88.00
Lifebuoy,Hand Wash,DMart,Lifebuoy Immunity Boosting Hand Sanitizer Total 10 : 50 ml,50 ml,70.00,24.00
Lipton,Coffee,DMart,Continental Xtra Instant South Blend : 50 gms,50 gm,95.00,47.00
Lipton,Coffee,DMart,Bru Green Label Coffee : 500 gms,500 gm,168.00,153.00
Lipton,Coffee,DMart,Taruni Filter Coffee : 500 gms,500 gm,200.00,100.00
Lipton,Coffee,DMart,Continental Xtra Coffee Jar : 200 gms,200 gm,400.00,240.00
Lipton,Coffee,DMart,Bru Instant Coffee : 50 gms,50 gm,90.00,84.00
Lipton,Tea,DMart,Tata Tea Agni Dust Tea : 1 kg,1 kg,240.00,220.00
Lipton,Tea,DMart,Wagh Bakri Strong & Refreshing Leaf Tea : 500 gms,500 gm,210.00,192.00
Lipton,Tea,DMart,Tata Tea Chakra Gold Premium Tea : 500 gms,500 gm,300.00,275.00
Lipton,Tea,DMart,Tata Tea Chakra Gold Premium Tea : 250 gms,250 gm,150.00,139.00
Lipton,Tea,DMart,Brookebond Red Label Tea : 100 gms,100 gm,35.00,32.00
Liril,Bath Soap,DMart,Mysore Luxury Bath Soap : 3x150 gms,3x150 gm,190.00,170.00
Liril,Bath Soap,DMart,Mysore Sandal Soap : 125 gms,125 gm,62.00,56.00
Liril,Bath Soap,DMart,Mysore Sandal Soap : 150 gms,150 gm,75.00,67.00
Liril,Bath Soap,DMart,Mysore Sandal Soap : 3x150 gms,3x150 gm,220.00,195.00
Liril,Bath Soap,DMart,Jo Lime Soap : 4x150 gms,4x150 gm,100.00,70.00
Lizol,Bathroom Cleaner,DMart,Harpic Bathroom Cleaner - Lemon : 500 ml,500 ml,94.00,88.00
Lizol,Bathroom Cleaner,DMart,Harpic Bathroom Cleaner Lemon : 1 Litre,1 L,172.00,160.00
Lizol,Bathroom Cleaner,DMart,Lizol Disinfectant Surface Cleaner - Citrus : 500 ml,500 ml,98.00,90.00
Lizol,Bathroom Cleaner,DMart,Lizol Disinfectant Surface Cleaner - Citrus : 975 ml,975 ml,189.00,175.00
Lizol,Bathroom Cleaner,DMart,Lizol Disinfectant Surface Cleaner - Citrus : 2 Litres,2 L,385.00,358.00
Lizol,Floor Cleaner,DMart,Sparkle Disinfectant Floor Cleaner - Citrus : 1 Litre,1 L,100.00,85.00
Lizol,Floor Cleaner,DMart,Sparkle Disinfectant Floor Cleaner - Citrus : 2 Litres,2 L,200.00,150.00
Lizol,Floor Cleaner,DMart,Sparkle Disinfectant Floor Cleaner - Floral : 1 Litre,1 L,100.00,85.00
Lizol,Floor Cleaner,DMart,Sparkle Disinfectant Floor Cleaner - Floral : 2 Litres,2 L,200.00,150.00
Lizol,Floor Cleaner,DMart,Sparkle Disinfectant Floor Cleaner - Lavender : 1 Litre,1 L,100.00,85.00
L'Oreal,Hair Conditioner,DMart,Comfort After Wash Anti Bacterial Fabric Conditioner : 860 ml,860 ml,218.00,202.00
L'Oreal,Hair Conditioner,DMart,Comfort After Wash Lily Fresh Fabric Conditioner : 860 ml,860 ml,218.00,202.00
L'Oreal,Hair Conditioner,DMart,Comfort After Wash Morning Fresh Fabric Conditioner : 430 ml,430 ml,120.00,110.00
L'Oreal,Hair Conditioner,DMart,Comfort After Wash Morning Fresh Fabric Conditioner : 860 ml,860 ml,218.00,202.00
L'Oreal,Hair Conditioner,DMart,Wipro Safewash Fabric Conditioner Ocean Breeze : 800 ml,800 ml,218.00,202.00
L'Oreal,Shampoo,DMart,Vcare Hair Color Black Shampoo : 25 ml,25 ml,99.00,85.00
L'Oreal,Shampoo,DMart,TRESemme Smooth & Shine Shampoo : 580 ml,580 ml,445.00,399.00
L'Oreal,Shampoo,DMart,Park Avenue Beer Shampoo : 350 ml,350 ml,260.00,189.00
L'Oreal,Shampoo,DMart,Tresemme Keratin Smooth Shampoo : 1 Litre,1 L,775.00,710.00
L'Oreal,Shampoo,DMart,Meera Strong & Healthy Shampoo : 180 ml,180 ml,155.00,105.00
Lux,Bath Soap,DMart,Lux Soft Touch French Rose and Almond Oil Soap Bar : 3x150 gms,3x150 gm,114.00,104.00
Lux,Bath Soap,DMart,Grace Beauty Soap With Jasmine & Almond : 3x150 gms,3x150 gm,95.00,56.00
Lux,Bath Soap,DMart,Mysore Luxury Bath Soap : 3x150 gms,3x150 gm,190.00,170.00
Lux,Bath Soap,DMart,Mysore Sandal Soap : 125 gms,125 gm,62.00,56.00
Lux,Bath Soap,DMart,Mysore Sandal Soap : 150 gms,150 gm,75.00,67.00
Maaza,Juice,DMart,Minute Maid Apple Juice : 1 Litre,1 L,105.00,55.00
Maaza,Juice,DMart,Minute Maid Guava Juice : 1 Litre,1 L,105.00,53.00
Maaza,Juice,DMart,Real Pomegranate Juice : 1 Litre,1 L,110.00,95.00
Maaza,Juice,DMart,Real Fruit Power Guava Juice : 1 Litre,1 L,100.00,70.00
Maaza,Juice,DMart,Real Fruit Power Mixed Fruit Juice : 1 Litre,1 L,105.00,80.00
Margo,Bath Soap,DMart,Margo Neem Soap : 4x100 gms,4x100 gm,120.00,112.00
Margo,Bath Soap,DMart,Mysore Luxury Bath Soap : 3x150 gms,3x150 gm,190.00,170.00
Margo,Bath Soap,DMart,Mysore Sandal Soap : 125 gms,125 gm,62.00,56.00
Margo,Bath Soap,DMart,Mysore Sandal Soap : 150 gms,150 gm,75.00,67.00
Margo,Bath Soap,DMart,Mysore Sandal Soap : 3x150 gms,3x150 gm,220.00,195.00
Medimix,Bath Soap,DMart,Medimix Ayurvedic Classic 18 Herbs Soap : 3x125 gms,3x125 gm,105.00,95.00
Medimix,Bath Soap,DMart,Mysore Luxury Bath Soap : 3x150 gms,3x150 gm,190.00,170.00
Medimix,Bath Soap,DMart,Mysore Sandal Soap : 125 gms,125 gm,62.00,56.00
Medimix,Bath Soap,DMart,Mysore Sandal Soap : 150 gms,150 gm,75.00,67.00
Medimix,Bath Soap,DMart,Mysore Sandal Soap : 3x150 gms,3x150 gm,220.00,195.00
Meera,Shampoo,DMart,Meera Strong & Healthy Shampoo : 180 ml,180 ml,155.00,105.00
Meera,Shampoo,DMart,Meera Strong & Healthy Shampoo : 650 ml,650 ml,500.00,390.00
Meera,Shampoo,DMart,Meera Strong & Healthy Shampoo : 1 Litre,1 L,740.00,600.00
Meera,Shampoo,DMart,Meera Shampoo Hair fall Care : 180 ml,180 ml,128.00,105.00
Meera,Shampoo,DMart,Vcare Hair Color Black Shampoo : 25 ml,25 ml,99.00,85.00
Minute Maid,Juice,DMart,Minute Maid Apple Juice : 1 Litre,1 L,105.00,55.00
Minute Maid,Juice,DMart,Minute Maid Guava Juice : 1 Litre,1 L,105.00,53.00
Minute Maid,Juice,DMart,Real Pomegranate Juice : 1 Litre,1 L,110.00,95.00
Minute Maid,Juice,DMart,Real Fruit Power Guava Juice : 1 Litre,1 L,100.00,70.00
Minute Maid,Juice,DMart,Real Fruit Power Mixed Fruit Juice : 1 Litre,1 L,105.00,80.00
Mirinda,Soft Drink,DMart,Rebalanz Tasty Apple Drink : 200 ml,200 ml,35.00,21.00
Mirinda,Soft Drink,DMart,Fanta : 1.75 Litres,1.75 L,85.00,70.00
Mirinda,Soft Drink,DMart,Limca : 1.75 Litres,1.75 L,90.00,72.00
Mirinda,Soft Drink,DMart,Pepsi : 2.25 Litres,2.25 L,90.00,72.00
Mirinda,Soft Drink,DMart,7 Up : 2.25 Litres,2.25 L,90.00,70.00
Mountain Dew,Soft Drink,DMart,Rebalanz Tasty Apple Drink : 200 ml,200 ml,35.00,21.00
Mountain Dew,Soft Drink,DMart,Fanta : 1.75 Litres,1.75 L,85.00,70.00
Mountain Dew,Soft Drink,DMart,Limca : 1.75 Litres,1.75 L,90.00,72.00
Mountain Dew,Soft Drink,DMart,Pepsi : 2.25 Litres,2.25 L,90.00,72.00
Mountain Dew,Soft Drink,DMart,7 Up : 2.25 Litres,2.25 L,90.00,70.00
Mr. Muscle,Bathroom Cleaner,DMart,Harpic Bathroom Cleaner - Lemon : 500 ml,500 ml,94.00,88.00
Mr. Muscle,Bathroom Cleaner,DMart,Harpic Bathroom Cleaner Lemon : 1 Litre,1 L,172.00,160.00
Mr. Muscle,Bathroom Cleaner,DMart,Domex Lime Fresh & Clean Toilet Cleaner : 750 ml,750 ml,130.00,95.00
Mr. Muscle,Bathroom Cleaner,DMart,Germinil Herbal Perfumed Floor Cleaner : 1 Litre,1 L,75.00,40.00
Mr. Muscle,Bathroom Cleaner,DMart,Germinil Jasmin Perfumed Floor Cleaner : 1 Litre,1 L,75.00,40.00
Mr. Muscle,Floor Cleaner,DMart,Germinil Herbal Perfumed Floor Cleaner : 1 Litre,1 L,75.00,40.00
Mr. Muscle,Floor Cleaner,DMart,Germinil Jasmin Perfumed Floor Cleaner : 1 Litre,1 L,75.00,40.00
Mr. Muscle,Floor Cleaner,DMart,Sparkle Disinfectant Floor Cleaner - Citrus : 1 Litre,1 L,100.00,85.00
Mr. Muscle,Floor Cleaner,DMart,Sparkle Disinfectant Floor Cleaner - Citrus : 2 Litres,2 L,200.00,150.00
Mr. Muscle,Floor Cleaner,DMart,Sparkle Disinfectant Floor Cleaner - Floral : 1 Litre,1 L,100.00,85.00
Mysore Sandal,Bath Soap,DMart,Mysore Sandal Soap : 125 gms,125 gm,62.00,56.00
Mysore Sandal,Bath Soap,DMart,Mysore Sandal Soap : 150 gms,150 gm,75.00,67.00
Mysore Sandal,Bath Soap,DMart,Mysore Sandal Soap : 3x150 gms,3x150 gm,220.00,195.00
Mysore Sandal,Bath Soap,DMart,Mysore Luxury Bath Soap : 3x150 gms,3x150 gm,190.00,170.00
Mysore Sandal,Bath Soap,DMart,Santoor Sandal & Turmeric Soap : 150 gms,150 gm,45.00,42.00
Mysore Sandal,Face Powder,DMart,Mysore Sandal Soap : 125 gms,125 gm,62.00,56.00
Mysore Sandal,Face Powder,DMart,Mysore Sandal Soap : 150 gms,150 gm,75.00,67.00
Mysore Sandal,Face Powder,DMart,Mysore Sandal Soap : 3x150 gms,3x150 gm,220.00,195.00
Mysore Sandal,Face Powder,DMart,Pond's Sandal Radiance Talc : 100 gms,100 gm,110.00,100.00
Mysore Sandal,Face Powder,DMart,Whitetone Pearl Face Powder : 75 gms,75 gm,125.00,100.00
Navratna,Hair oil,DMart,Navratna Ayurvedic Oil : 500 ml,500 ml,295.00,237.00
Navratna,Hair oil,DMart,Dabur Almond Hair Oil : 500 ml,500 ml,280.00,235.00
Navratna,Hair oil,DMart,Dabur Amla Hair Oil : 450 ml,450 ml,199.00,179.00
Navratna,Hair oil,DMart,Johnson's Baby Hair Oil : 100 ml,100 ml,80.00,75.00
Navratna,Hair oil,DMart,Johnson's Baby Hair Oil : 200 ml,200 ml,120.00,112.00
Nescafe,Coffee,DMart,Nescafé Classic Coffee : 50 gms,50 gm,145.00,135.00
Nescafe,Coffee,DMart,Nescafé Classic Coffee : 200 gms,200 gm,490.00,460.00
Nescafe,Coffee,DMart,Nescafé Classic Coffee Jar : 25 gms,25 gm,80.00,75.00
Nescafe,Coffee,DMart,Nescafé Classic Coffee Jar : 100 gms,100 gm,290.00,272.00
Nescafe,Coffee,DMart,Le Café 100% Pure Instant Coffee : 50 gms,50 gm,98.00,49.00
Nestle,Coffee,DMart,Nestlé Milkmaid : 400 gms,400 gm,125.00,115.00
Nestle,Coffee,DMart,Nestlé Everyday Dairy Whitener : 400 gms,400 gm,200.00,186.00
Nestle,Coffee,DMart,Nestlé Everyday Dairy Whitener : 1 kg,1 kg,490.00,459.00
Nestle,Coffee,DMart,Continental Xtra Instant South Blend : 50 gms,50 gm,95.00,47.00
Nestle,Coffee,DMart,Bru Green Label Coffee : 500 gms,500 gm,168.00,153.00
Nestle Kitkat,Chocolate,DMart,Nestlé Milkmaid : 400 gms,400 gm,125.00,115.00
Nestle Kitkat,Chocolate,DMart,Nestlé Everyday Dairy Whitener : 400 gms,400 gm,200.00,186.00
Nestle Kitkat,Chocolate,DMart,Nestlé Everyday Dairy Whitener : 1 kg,1 kg,490.00,459.00
Nestle Kitkat,Chocolate,DMart,Snickers Veg Chocolate : 50 gms,50 gm,40.00,33.00
Nestle Kitkat,Chocolate,DMart,Ferrero Rocher - 16 Pieces : 200 gms,200 gm,529.00,429.00
Nestle,Soft Drink,DMart,Rebalanz Tasty Apple Drink : 200 ml,200 ml,35.00,21.00
Nestle,Soft Drink,DMart,Fanta : 1.75 Litres,1.75 L,85.00,70.00
Nestle,Soft Drink,DMart,Limca : 1.75 Litres,1.75 L,90.00,72.00
Nestle,Soft Drink,DMart,Pepsi : 2.25 Litres,2.25 L,90.00,72.00
Nestle,Soft Drink,DMart,7 Up : 2.25 Litres,2.25 L,90.00,70.00
Nivea,Deodrant,DMart,Nivea Aqua Cool Roll On : 50 ml,50 ml,185.00,140.00
Nivea,Deodrant,DMart,Kamasutra Spark Men Deodorant : 260 ml,260 ml,299.00,160.00
Nivea,Deodrant,DMart,Engage Blush Women Deodorant : 150 ml,150 ml,195.00,160.00
Nivea,Deodrant,DMart,Nivea Men Fresh Active Roll-On : 50 ml,50 ml,185.00,140.00
Nivea,Deodrant,DMart,Axe Dark Temptation Deodorant Body Spray : 150 ml,150 ml,200.00,120.00
Nivea,Face Powder,DMart,Nivea Men Oil Control Facewash : 100 gms,100 gm,215.00,199.00
Nivea,Face Powder,DMart,Nivea Pure Talcum Powder : 400 gms,400 gm,249.00,225.00
Nivea,Face Powder,DMart,Whitetone Pearl Face Powder : 75 gms,75 gm,125.00,100.00
Nivea,Face Powder,DMart,Nivea Musk Body Talcum Powder : 400 gms,400 gm,249.00,225.00
Nivea,Face Powder,DMart,White Tone Soft Shade Face Powder : 50 gms,50 gm,75.00,60.00
Odonil,Bathroom Cleaner,DMart,Harpic Bathroom Cleaner - Lemon : 500 ml,500 ml,94.00,88.00
Odonil,Bathroom Cleaner,DMart,Harpic Bathroom Cleaner Lemon : 1 Litre,1 L,172.00,160.00
Odonil,Bathroom Cleaner,DMart,Domex Lime Fresh & Clean Toilet Cleaner : 750 ml,750 ml,130.00,95.00
Odonil,Bathroom Cleaner,DMart,Germinil Herbal Perfumed Floor Cleaner : 1 Litre,1 L,75.00,40.00
Odonil,Bathroom Cleaner,DMart,Germinil Jasmin Perfumed Floor Cleaner : 1 Litre,1 L,75.00,40.00
Oral-B,Tooth Brush,DMart,Oral-B Cavity Defence 123 Soft Toothbrush : 6 Units,6 U,99.00,90.00
Oral-B,Tooth Brush,DMart,Colgate Zigzag Medium Toothbrush : 6 U,6 U,99.00,84.00
Oral-B,Tooth Brush,DMart,Colgate Ultra Soft Sensitive Toothbrush,4 U,99.00,84.00
Oral-B,Tooth Brush,DMart,Colgate Kids Barbie Extra Soft Toothbrush,1 U,79.00,74.00
Oral-B,Tooth Brush,DMart,Colgate Kids Superhero Extra Soft Toothbrush,1 U,79.00,60.00
Oxygem,Mineral Water,DMart,Kinley Drinking Water : 1 Litre,1 L,20.00,16.00
Oxygem,Mineral Water,DMart,Dabur Gulabari Rose Water : 120 ml,120 ml,45.00,42.00
Pantene,Hair Conditioner,DMart,Comfort After Wash Anti Bacterial Fabric Conditioner : 860 ml,860 ml,218.00,202.00
Pantene,Hair Conditioner,DMart,Comfort After Wash Lily Fresh Fabric Conditioner : 860 ml,860 ml,218.00,202.00
Pantene,Hair Conditioner,DMart,Comfort After Wash Morning Fresh Fabric Conditioner : 430 ml,430 ml,120.00,110.00
Pantene,Hair Conditioner,DMart,Comfort After Wash Morning Fresh Fabric Conditioner : 860 ml,860 ml,218.00,202.00
Pantene,Hair Conditioner,DMart,Wipro Safewash Fabric Conditioner Ocean Breeze : 800 ml,800 ml,218.00,202.00
Pantene,Shampoo,DMart,Vcare Hair Color Black Shampoo : 25 ml,25 ml,99.00,85.00
Pantene,Shampoo,DMart,TRESemme Smooth & Shine Shampoo : 580 ml,580 ml,445.00,399.00
Pantene,Shampoo,DMart,Park Avenue Beer Shampoo : 350 ml,350 ml,260.00,189.00
Pantene,Shampoo,DMart,Tresemme Keratin Smooth Shampoo : 1 Litre,1 L,775.00,710.00
Pantene,Shampoo,DMart,Meera Strong & Healthy Shampoo : 180 ml,180 ml,155.00,105.00
Paper Boat,Juice,DMart,Minute Maid Apple Juice : 1 Litre,1 L,105.00,55.00
Paper Boat,Juice,DMart,Minute Maid Guava Juice : 1 Litre,1 L,105.00,53.00
Paper Boat,Juice,DMart,Real Pomegranate Juice : 1 Litre,1 L,110.00,95.00
Paper Boat,Juice,DMart,Real Fruit Power Guava Juice : 1 Litre,1 L,100.00,70.00
Paper Boat,Juice,DMart,Real Fruit Power Mixed Fruit Juice : 1 Litre,1 L,105.00,80.00
Parachute,Hair oil,DMart,Parachute Advansed Aloe Vera Coconut Hair Oil : 250 ml,250 ml,120.00,105.00
Parachute,Hair oil,DMart,Parachute Coconut Oil : 200 ml,200 ml,86.00,80.00
Parachute,Hair oil,DMart,Parachute Coconut Oil : 300 ml,300 ml,128.00,119.00
Parachute,Hair oil,DMart,Parachute Coconut Oil : 1 Litre,1 L,400.00,372.00
Parachute,Hair oil,DMart,Coconourish Coconut Oil : 500 ml,500 ml,170.00,99.00
Parachute Advansed,Hair oil,DMart,Parachute Advansed Aloe Vera Coconut Hair Oil : 250 ml,250 ml,120.00,105.00
Parachute Advansed,Hair oil,DMart,Parachute Coconut Oil : 200 ml,200 ml,86.00,80.00
Parachute Advansed,Hair oil,DMart,Parachute Coconut Oil : 300 ml,300 ml,128.00,119.00
Parachute Advansed,Hair oil,DMart,Parachute Coconut Oil : 1 Litre,1 L,400.00,372.00
Parachute Advansed,Hair oil,DMart,Coconourish Coconut Oil : 500 ml,500 ml,170.00,99.00
Park avenue,Bath Soap,DMart,Park Avenue Beer Shampoo : 350 ml,350 ml,260.00,189.00
Park avenue,Bath Soap,DMart,Park Avenue Classic Shaving Cream : 70 gms,70 gm,69.00,64.00
Park avenue,Bath Soap,DMart,Mysore Luxury Bath Soap : 3x150 gms,3x150 gm,190.00,170.00
Park avenue,Bath Soap,DMart,Park Avenue Signature Voyage Perfume Spray : 220 ml,220 ml,299.00,160.00
Park avenue,Bath Soap,DMart,Mysore Sandal Soap : 125 gms,125 gm,62.00,56.00
Park Avenue,Deodrant,DMart,Park Avenue Signature Voyage Perfume Spray : 220 ml,220 ml,299.00,160.00
Park Avenue,Deodrant,DMart,Park Avenue Beer Shampoo : 350 ml,350 ml,260.00,189.00
Park Avenue,Deodrant,DMart,Park Avenue Classic Shaving Cream : 70 gms,70 gm,69.00,64.00
Park Avenue,Deodrant,DMart,Kamasutra Spark Men Deodorant : 260 ml,260 ml,299.00,160.00
Park Avenue,Deodrant,DMart,Engage Blush Women Deodorant : 150 ml,150 ml,195.00,160.00
Park Avenue,Shampoo,DMart,Park Avenue Beer Shampoo : 350 ml,350 ml,260.00,189.00
Park Avenue,Shampoo,DMart,Park Avenue Classic Shaving Cream : 70 gms,70 gm,69.00,64.00
Park Avenue,Shampoo,DMart,Park Avenue Signature Voyage Perfume Spray : 220 ml,220 ml,299.00,160.00
Park Avenue,Shampoo,DMart,Vcare Hair Color Black Shampoo : 25 ml,25 ml,99.00,85.00
Park Avenue,Shampoo,DMart,TRESemme Smooth & Shine Shampoo : 580 ml,580 ml,445.00,399.00
Parle,Rusks,DMart,Parle Real Elaichi Rusk : 400 gms,400 gm,57.00,52.00
Parle,Rusks,DMart,Parle 20-20 Butter Cookies : 200 gms,200 gm,20.00,18.00
Parle,Rusks,DMart,Parle Vanilla Cakes : 40 gms,40 gm,15.00,12.00
Parle,Rusks,DMart,Parle Melody Chocolaty : 391 gms,391 gm,100.00,94.00
Parle,Rusks,DMart,Parle Krack Jack Biscuits : 200 gms,200 gm,30.00,27.00
Patanjali,Bath Soap,DMart,Mysore Luxury Bath Soap : 3x150 gms,3x150 gm,190.00,170.00
Patanjali,Bath Soap,DMart,Mysore Sandal Soap : 125 gms,125 gm,62.00,56.00
Patanjali,Bath Soap,DMart,Mysore Sandal Soap : 150 gms,150 gm,75.00,67.00
Patanjali,Bath Soap,DMart,Mysore Sandal Soap : 3x150 gms,3x150 gm,220.00,195.00
Patanjali,Bath Soap,DMart,Jo Lime Soap : 4x150 gms,4x150 gm,100.00,70.00
Patanjali,Bathroom Cleaner,DMart,Harpic Bathroom Cleaner - Lemon : 500 ml,500 ml,94.00,88.00
Patanjali,Bathroom Cleaner,DMart,Harpic Bathroom Cleaner Lemon : 1 Litre,1 L,172.00,160.00
Patanjali,Bathroom Cleaner,DMart,Patanjali Super Diswash Bar : 175 gms,175 gm,10.00,9.00
Patanjali,Bathroom Cleaner,DMart,Domex Lime Fresh & Clean Toilet Cleaner : 750 ml,750 ml,130.00,95.00
Patanjali,Bathroom Cleaner,DMart,Germinil Herbal Perfumed Floor Cleaner : 1 Litre,1 L,75.00,40.00
Patanjali,Floor Cleaner,DMart,Germinil Herbal Perfumed Floor Cleaner : 1 Litre,1 L,75.00,40.00
Patanjali,Floor Cleaner,DMart,Germinil Jasmin Perfumed Floor Cleaner : 1 Litre,1 L,75.00,40.00
Patanjali,Floor Cleaner,DMart,Sparkle Disinfectant Floor Cleaner - Citrus : 1 Litre,1 L,100.00,85.00
Patanjali,Floor Cleaner,DMart,Sparkle Disinfectant Floor Cleaner - Citrus : 2 Litres,2 L,200.00,150.00
Patanjali,Floor Cleaner,DMart,Sparkle Disinfectant Floor Cleaner - Floral : 1 Litre,1 L,100.00,85.00
Patanjali,Hair oil,DMart,Patanjali Kachi Ghani Mustard Oil : 1 Litre,1 L,135.00,126.00
Patanjali,Hair oil,DMart,Dabur Almond Hair Oil : 500 ml,500 ml,280.00,235.00
Patanjali,Hair oil,DMart,Dabur Amla Hair Oil : 450 ml,450 ml,199.00,179.00
Patanjali,Hair oil,DMart,Johnson's Baby Hair Oil : 100 ml,100 ml,80.00,75.00
Patanjali,Hair oil,DMart,Johnson's Baby Hair Oil : 200 ml,200 ml,120.00,112.00
Patanjali,Shampoo,DMart,Patanjali Honey : 250 gms,250 gm,75.00,67.00
Patanjali,Shampoo,DMart,Patanjali Honey : 500 gms,500 gm,145.00,130.00
Patanjali,Shampoo,DMart,Patanjali Super Diswash Bar : 175 gms,175 gm,10.00,9.00
Patanjali,Shampoo,DMart,Patanjali Whole Wheat Atta : 10 kgs,10 kg,425.00,399.00
Patanjali,Shampoo,DMart,Patanjali Advanced Dental Cream : 100 gms,100 gm,90.00,84.00
Patanjali,Tooth Brush,DMart,Colgate Zigzag Medium Toothbrush : 6 U,6 U,99.00,84.00
Patanjali,Tooth Brush,DMart,Colgate Ultra Soft Sensitive Toothbrush,4 U,99.00,84.00
Patanjali,Tooth Brush,DMart,Colgate Kids Barbie Extra Soft Toothbrush,1 U,79.00,74.00
Patanjali,Tooth Brush,DMart,Colgate Kids Superhero Extra Soft Toothbrush,1 U,79.00,60.00
Patanjali,Tooth Brush,DMart,Oral-B Cavity Defence 123 Soft Toothbrush : 6 Units,6 U,99.00,90.00
Patanjali,Tooth Paste,DMart,Patanjali Dant Kanti Tooth Paste : 500 gms,500 gm,170.00,158.00
Patanjali,Tooth Paste,DMart,Colgate Dentalcream Strong Tooth Paste : 200 gms,200 gm,95.00,89.00
Patanjali,Tooth Paste,DMart,Patanjali Advanced Dental Cream : 100 gms,100 gm,90.00,84.00
Patanjali,Tooth Paste,DMart,Sensodyne Fresh Gel Toothpaste : 130 gms,130 gm,190.00,175.00
Patanjali,Tooth Paste,DMart,Sensodyne Fresh Mint Toothpaste : 130 gms,130 gm,190.00,176.00
Pears,Bath Soap,DMart,Pears Soft & Fresh Soap Bar : 3x125 gms,3x125 gm,180.00,165.00
Pears,Bath Soap,DMart,Pears Pure & Gentle Soap Bar : 6x125 gms,6x125 gm,402.00,372.00
Pears,Bath Soap,DMart,Pears Pure & Gentle Soap Bar : 3x125 gms,3x125 gm,174.00,160.00
Pears,Bath Soap,DMart,Mild & Clear Skinguard Soap : 3x125 gms,3x125 gm,170.00,85.00
Pears,Bath Soap,DMart,Mild & Clear Soap with Glycerin & Natural Oil : 3x125 gms,3x125 gm,170.00,85.00
Pepsi,Soft Drink,DMart,Pepsi : 2.25 Litres,2.25 L,90.00,72.00
Pepsi,Soft Drink,DMart,Rebalanz Tasty Apple Drink : 200 ml,200 ml,35.00,21.00
Pepsi,Soft Drink,DMart,Fanta : 1.75 Litres,1.75 L,85.00,70.00
Pepsi,Soft Drink,DMart,Limca : 1.75 Litres,1.75 L,90.00,72.00
Pepsi,Soft Drink,DMart,7 Up : 2.25 Litres,2.25 L,90.00,70.00
Pepsodent,Tooth Brush,DMart,Colgate Zigzag Medium Toothbrush : 6 U,6 U,99.00,84.00
Pepsodent,Tooth Brush,DMart,Colgate Ultra Soft Sensitive Toothbrush,4 U,99.00,84.00
Pepsodent,Tooth Brush,DMart,Colgate Kids Barbie Extra Soft Toothbrush,1 U,79.00,74.00
Pepsodent,Tooth Brush,DMart,Colgate Kids Superhero Extra Soft Toothbrush,1 U,79.00,60.00
Pepsodent,Tooth Brush,DMart,Oral-B Cavity Defence 123 Soft Toothbrush : 6 Units,6 U,99.00,90.00
Pepsodent,Tooth Paste,DMart,Patanjali Dant Kanti Tooth Paste : 500 gms,500 gm,170.00,158.00
Pepsodent,Tooth Paste,DMart,Colgate Dentalcream Strong Tooth Paste : 200 gms,200 gm,95.00,89.00
Pepsodent,Tooth Paste,DMart,Sensodyne Fresh Gel Toothpaste : 130 gms,130 gm,190.00,175.00
Pepsodent,Tooth Paste,DMart,Sensodyne Fresh Mint Toothpaste : 130 gms,130 gm,190.00,176.00
Pepsodent,Tooth Paste,DMart,Sensodyne Repair & Protect Toothpaste : 70 gms,70 gm,175.00,164.00
Pigeon,Bath Soap,DMart,Mysore Luxury Bath Soap : 3x150 gms,3x150 gm,190.00,170.00
Pigeon,Bath Soap,DMart,Mysore Sandal Soap : 125 gms,125 gm,62.00,56.00
Pigeon,Bath Soap,DMart,Mysore Sandal Soap : 150 gms,150 gm,75.00,67.00
Pigeon,Bath Soap,DMart,Mysore Sandal Soap : 3x150 gms,3x150 gm,220.00,195.00
Pigeon,Bath Soap,DMart,Jo Lime Soap : 4x150 gms,4x150 gm,100.00,70.00
Ponds,Face Powder,DMart,Pond's Sandal Radiance Talc : 100 gms,100 gm,110.00,100.00
Ponds,Face Powder,DMart,Pond's Magic Freshness Talc : 100 gms,100 gm,110.00,100.00
Ponds,Face Powder,DMart,Pond's Magic Freshness Talcum Powder - Acacia Honey : 400 gms,400 gm,300.00,240.00
Ponds,Face Powder,DMart,Whitetone Pearl Face Powder : 75 gms,75 gm,125.00,100.00
Ponds,Face Powder,DMart,White Tone Soft Shade Face Powder : 50 gms,50 gm,75.00,60.00
Rasna,Soft Drink,DMart,Rebalanz Tasty Apple Drink : 200 ml,200 ml,35.00,21.00
Rasna,Soft Drink,DMart,Fanta : 1.75 Litres,1.75 L,85.00,70.00
Rasna,Soft Drink,DMart,Limca : 1.75 Litres,1.75 L,90.00,72.00
Rasna,Soft Drink,DMart,Pepsi : 2.25 Litres,2.25 L,90.00,72.00
Rasna,Soft Drink,DMart,7 Up : 2.25 Litres,2.25 L,90.00,70.00
Real,Juice,DMart,Real Pomegranate Juice : 1 Litre,1 L,110.00,95.00
Real,Juice,DMart,Real Fruit Power Mixed Fruit Juice : 1 Litre,1 L,105.00,80.00
Real,Juice,DMart,Real Fruit Power Guava Juice : 1 Litre,1 L,100.00,70.00
Real,Juice,DMart,Minute Maid Apple Juice : 1 Litre,1 L,105.00,55.00
Real,Juice,DMart,Minute Maid Guava Juice : 1 Litre,1 L,105.00,53.00
Red Label,Coffee,DMart,Bru Green Label Coffee : 500 gms,500 gm,168.00,153.00
Red Label,Coffee,DMart,Brookebond Red Label Tea : 100 gms,100 gm,35.00,32.00
Red Label,Coffee,DMart,Brooke Bond Red Label Tea : 1 kg,1 kg,450.00,410.00
Red Label,Coffee,DMart,Brooke Bond Red Label Tea : 500 gms,500 gm,220.00,200.00
Red Label,Coffee,DMart,Brooke Bond Red Label Tea : 250 gms,250 gm,115.00,105.00
Red Label,Tea,DMart,Brookebond Red Label Tea : 100 gms,100 gm,35.00,32.00
Red Label,Tea,DMart,Brooke Bond Red Label Tea : 1 kg,1 kg,450.00,410.00
Red Label,Tea,DMart,Brooke Bond Red Label Tea : 500 gms,500 gm,220.00,200.00
Red Label,Tea,DMart,Brooke Bond Red Label Tea : 250 gms,250 gm,115.00,105.00
Red Label,Tea,DMart,Brooke Bond Red Label Natural Care Tea : 250 gms,250 gm,135.00,125.00
Rexona,Bath Soap,DMart,Mysore Luxury Bath Soap : 3x150 gms,3x150 gm,190.00,170.00
Rexona,Bath Soap,DMart,Mysore Sandal Soap : 125 gms,125 gm,62.00,56.00
Rexona,Bath Soap,DMart,Mysore Sandal Soap : 150 gms,150 gm,75.00,67.00
Rexona,Bath Soap,DMart,Mysore Sandal Soap : 3x150 gms,3x150 gm,220.00,195.00
Rexona,Bath Soap,DMart,Jo Lime Soap : 4x150 gms,4x150 gm,100.00,70.00
 ,Rice,DMart,India Gate Basmati Rice - Feast Rozzana : 5 kgs,5 kg,500.00,399.00
 ,Rice,DMart,Daawat Rozana Super Basmati Rice : 5 kgs,5 kg,439.00,355.00
 ,Rice,DMart,Daawat Devaaya Basmati Rice : 5 kgs,5 kg,545.00,420.00
 ,Rice,DMart,Daawat Super Basmati Rice : 1 kg,1 kg,165.00,111.00
 ,Rice,DMart,Kohinoor Charminar Select - Basmati Rice : 5 kgs,5 kg,569.00,365.00
Saffola,Cooking oil,DMart,Saffola Gold Oil : 1 Litre,1 L,159.00,149.00
Saffola,Cooking oil,DMart,Saffola Gold Oil : 5 Litres,5 L,825.00,775.00
Saffola,Cooking oil,DMart,Saffola Tasty Oil : 1 Litre,1 L,125.00,105.00
Saffola,Cooking oil,DMart,Saffola Tasty Oil : 5 Litres,5 L,610.00,573.00
Saffola,Cooking oil,DMart,Saffola Active Oil : 1 Litre,1 L,140.00,115.00
Santoor,Bath Soap,DMart,Santoor Sandal & Turmeric Soap : 4x75 gms,4x75 gm,84.00,75.00
Santoor,Bath Soap,DMart,Santoor Sandal & Turmeric Soap : 4x125 gms,4x125 gm,150.00,125.00
Santoor,Bath Soap,DMart,Santoor Sandal & Turmeric Soap : 4x150 gms,4x150 gm,180.00,165.00
Santoor,Bath Soap,DMart,Santoor Sandal & Turmeric Soap : 150 gms,150 gm,45.00,42.00
Santoor,Bath Soap,DMart,Santoor Sandal Almond Soap : 3x150 gms,3X150 gm,128.00,99.00
Santoor,Hand Wash,DMart,Santoor Handwash Pouch : 750 ml,750 ml,189.00,110.00
Santoor,Hand Wash,DMart,Lifebuoy Hand Sanitizer : 500 ml,500 ml,250.00,232.00
Santoor,Hand Wash,DMart,Lifebuoy Total Hand Sanitizer : 240 ml,240 ml,299.00,118.00
Santoor,Hand Wash,DMart,Lifebuoy Immunity Boosting Hand Sanitizer Total 10 : 190 ml,190 ml,95.00,88.00
Santoor,Hand Wash,DMart,Lifebuoy Immunity Boosting Hand Sanitizer Total 10 : 50 ml,50 ml,70.00,24.00
Savlon,Hand Wash,DMart,Lifebuoy Hand Sanitizer : 500 ml,500 ml,250.00,232.00
Savlon,Hand Wash,DMart,Lifebuoy Total Hand Sanitizer : 240 ml,240 ml,299.00,118.00
Savlon,Hand Wash,DMart,Lifebuoy Immunity Boosting Hand Sanitizer Total 10 : 190 ml,190 ml,95.00,88.00
Savlon,Hand Wash,DMart,Lifebuoy Immunity Boosting Hand Sanitizer Total 10 : 50 ml,50 ml,70.00,24.00
Savlon,Hand Wash,DMart,Lifebuoy Hand Sanitizer : 30 ml,30 ml,15.00,14.00
Sensodyne,Tooth Paste,DMart,Patanjali Dant Kanti Tooth Paste : 500 gms,500 gm,170.00,158.00
Sensodyne,Tooth Paste,DMart,Colgate Dentalcream Strong Tooth Paste : 200 gms,200 gm,95.00,89.00
Sensodyne,Tooth Paste,DMart,Sensodyne Fresh Gel Toothpaste : 130 gms,130 gm,190.00,175.00
Sensodyne,Tooth Paste,DMart,Sensodyne Fresh Mint Toothpaste : 130 gms,130 gm,190.00,176.00
Sensodyne,Tooth Paste,DMart,Sensodyne Repair & Protect Toothpaste : 70 gms,70 gm,175.00,164.00
Spinz,Deodrant,DMart,Kamasutra Spark Men Deodorant : 260 ml,260 ml,299.00,160.00
Spinz,Deodrant,DMart,Engage Blush Women Deodorant : 150 ml,150 ml,195.00,160.00
Spinz,Deodrant,DMart,Axe Dark Temptation Deodorant Body Spray : 150 ml,150 ml,200.00,120.00
Spinz,Deodrant,DMart,Cinthol Lime Refreshing Deo Soap : 4x150 gms,600 gm,140.00,129.00
Spinz,Deodrant,DMart,Nivea Aqua Cool Roll On : 50 ml,50 ml,185.00,140.00
Spinz,Face Powder,DMart,Whitetone Pearl Face Powder : 75 gms,75 gm,125.00,100.00
Spinz,Face Powder,DMart,White Tone Soft Shade Face Powder : 50 gms,50 gm,75.00,60.00
Spinz,Face Powder,DMart,Himalaya Purifying Neem Face Wash : 200 ml,200 ml,190.00,152.00
Spinz,Face Powder,DMart,Himalaya Purifying Neem Face Wash : 150 ml,150 ml,156.00,145.00
Spinz,Face Powder,DMart,Clean & Clear Foaming Facewash : 150 ml,150 ml,165.00,153.00
Sprite,Soft Drink,DMart,Rebalanz Tasty Apple Drink : 200 ml,200 ml,35.00,21.00
Sprite,Soft Drink,DMart,Fanta : 1.75 Litres,1.75 L,85.00,70.00
Sprite,Soft Drink,DMart,Limca : 1.75 Litres,1.75 L,90.00,72.00
Sprite,Soft Drink,DMart,Pepsi : 2.25 Litres,2.25 L,90.00,72.00
Sprite,Soft Drink,DMart,7 Up : 2.25 Litres,2.25 L,90.00,70.00
STAYFREE,Sanitary Pads,DMart,Stayfree Secure Cotton Soft Regular : 20 U,20 U,123.00,115.00
STAYFREE,Sanitary Pads,DMart,Stayfree Secure Cottony Wings XL : 20 U,20 U,115.00,105.00
STAYFREE,Sanitary Pads,DMart,Stayfree Dry Max All Night XL : 42 U,42 U,450.00,382.00
STAYFREE,Sanitary Pads,DMart,Sofy Body fit Antibacterial XL Pads : 54 U,54 U,399.00,299.00
STAYFREE,Sanitary Pads,DMart,Whisper Choice Ultra XL Wings Pads : 6 U,6 U,44.00,41.00
Sundrop,Cooking oil,DMart,Sundrop Heart Oil : 5 Litres,5 L,1063.00,999.00
Sundrop,Cooking oil,DMart,Sundrop Superlite Advanced Sunflower Oil : 1 Litre,1 L,195.00,183.00
Sundrop,Cooking oil,DMart,Sundrop Superlite Advanced Sunflower Oil : 5 Litres,5 L,988.00,928.00
Sundrop,Cooking oil,DMart,Saffola Gold Oil : 1 Litre,1 L,159.00,149.00
Sundrop,Cooking oil,DMart,Saffola Gold Oil : 5 Litres,5 L,825.00,775.00
Sunsilk,Hair Conditioner,DMart,Sunsilk Lusciously Thick & Long Shampoo : 650 ml,650 ml,415.00,365.00
Sunsilk,Hair Conditioner,DMart,Sunsilk Stunning Black Shine Shampoo : 650 ml,650 ml,415.00,380.00
Sunsilk,Hair Conditioner,DMart,Comfort After Wash Anti Bacterial Fabric Conditioner : 860 ml,860 ml,218.00,202.00
Sunsilk,Hair Conditioner,DMart,Comfort After Wash Lily Fresh Fabric Conditioner : 860 ml,860 ml,218.00,202.00
Sunsilk,Hair Conditioner,DMart,Comfort After Wash Morning Fresh Fabric Conditioner : 430 ml,430 ml,120.00,110.00
Sunsilk,Shampoo,DMart,Sunsilk Lusciously Thick & Long Shampoo : 650 ml,650 ml,415.00,365.00
Sunsilk,Shampoo,DMart,Sunsilk Stunning Black Shine Shampoo : 650 ml,650 ml,415.00,380.00
Sunsilk,Shampoo,DMart,Vcare Hair Color Black Shampoo : 25 ml,25 ml,99.00,85.00
Sunsilk,Shampoo,DMart,TRESemme Smooth & Shine Shampoo : 580 ml,580 ml,445.00,399.00
Sunsilk,Shampoo,DMart,Park Avenue Beer Shampoo : 350 ml,350 ml,260.00,189.00
Taj Mahal,Coffee,DMart,Brooke Bond Taj Mahal Tea : 1 kg (New),1 kg,600.00,554.00
Taj Mahal,Coffee,DMart,Continental Xtra Instant South Blend : 50 gms,50 gm,95.00,47.00
Taj Mahal,Coffee,DMart,Bru Green Label Coffee : 500 gms,500 gm,168.00,153.00
Taj Mahal,Coffee,DMart,Premia Cassia Taj : 100 gms,100 gm,104.00,79.50
Taj Mahal,Coffee,DMart,Taruni Filter Coffee : 500 gms,500 gm,200.00,100.00
Taj Mahal,Tea,DMart,Brooke Bond Taj Mahal Tea : 1 kg (New),1 kg,600.00,554.00
Taj Mahal,Tea,DMart,Premia Cassia Taj : 100 gms,100 gm,104.00,79.50
Taj Mahal,Tea,DMart,Tata Tea Agni Dust Tea : 1 kg,1 kg,240.00,220.00
Taj Mahal,Tea,DMart,Wagh Bakri Strong & Refreshing Leaf Tea : 500 gms,500 gm,210.00,192.00
Taj Mahal,Tea,DMart,Tata Tea Chakra Gold Premium Tea : 500 gms,500 gm,300.00,275.00
 ,Tamarind,DMart,Premia Emli : 200 gms,200 gm,78.00,59.50
 ,Tamarind,DMart,Ready Tamarind : 500 gms,5 kg,200.00,150.00
 ,Tamarind,DMart,Goldy Cake Tamarind : 1 kg,1 kg,336.00,275.00
 ,Tamarind,DMart,Goldy Cake Tamarind : 500 gms,500 gm,169.00,145.00
Tang,Soft Drink,DMart,Rebalanz Tasty Apple Drink : 200 ml,200 ml,35.00,21.00
Tang,Soft Drink,DMart,Fanta : 1.75 Litres,1.75 L,85.00,70.00
Tang,Soft Drink,DMart,Limca : 1.75 Litres,1.75 L,90.00,72.00
Tang,Soft Drink,DMart,Pepsi : 2.25 Litres,2.25 L,90.00,72.00
Tang,Soft Drink,DMart,7 Up : 2.25 Litres,2.25 L,90.00,70.00
Tata Tea,Gold Coffee,DMart,Tata Tea Gold : 250 gms,250 gm,130.00,122.00
Tata Tea,Gold Coffee,DMart,Tata Tea Gold : 500 gms,500 gm,259.00,219.00
Tata Tea,Gold Coffee,DMart,Tata Tea Gold : 1 kg,1 kg,457.00,417.00
Tata Tea,Gold Coffee,DMart,Tata Tea Chakra Gold Premium Tea : 500 gms,500 gm,300.00,275.00
Tata Tea,Gold Coffee,DMart,Tata Tea Chakra Gold Premium Tea : 250 gms,250 gm,150.00,139.00
Thums Up,Soft Drink,DMart,Thums Up : 1.75 Litres,1.75 L,90.00,75.00
Thums Up,Soft Drink,DMart,7 Up : 2.25 Litres,2.25 L,90.00,70.00
Thums Up,Soft Drink,DMart,Rebalanz Tasty Apple Drink : 200 ml,200 ml,35.00,21.00
Thums Up,Soft Drink,DMart,Fanta : 1.75 Litres,1.75 L,85.00,70.00
Thums Up,Soft Drink,DMart,Limca : 1.75 Litres,1.75 L,90.00,72.00
Toor dal,Dal,DMart,DMart Healthy Choice Unpolished Toor Dal : 1 kg,1 kg,157.00,131.50
Toor dal,Dal,DMart,Tur Dal Premium Gujarat : 500 gms,500 gm,77.00,64.50
Toor dal,Dal,DMart,Tur Dal Premium Gujarat : 1 kg,1 kg,154.00,128.00
Toor dal,Dal,DMart,Tur Dal Latur : 500 gms,500 gm,66.00,55.00
Toor dal,Dal,DMart,Tur Dal Latur : 1 kg,1 kg,130.00,108.50
TRESemme,Hair Conditioner,DMart,Tresemme Keratin Smooth Shampoo : 1 Litre,1 L,775.00,710.00
TRESemme,Hair Conditioner,DMart,TRESemme Smooth & Shine Shampoo : 580 ml,580 ml,445.00,399.00
TRESemme,Hair Conditioner,DMart,TRESemme Keratin Smooth Shampoo : 580 ml,580 ml,465.00,399.00
TRESemme,Hair Conditioner,DMart,Comfort After Wash Anti Bacterial Fabric Conditioner : 860 ml,860 ml,218.00,202.00
TRESemme,Hair Conditioner,DMart,Comfort After Wash Lily Fresh Fabric Conditioner : 860 ml,860 ml,218.00,202.00
TRESemme,Hair oil,DMart,Tresemme Keratin Smooth Shampoo : 1 Litre,1 L,775.00,710.00
TRESemme,Hair oil,DMart,TRESemme Smooth & Shine Shampoo : 580 ml,580 ml,445.00,399.00
TRESemme,Hair oil,DMart,TRESemme Keratin Smooth Shampoo : 580 ml,580 ml,465.00,399.00
TRESemme,Hair oil,DMart,Dabur Almond Hair Oil : 500 ml,500 ml,280.00,235.00
TRESemme,Hair oil,DMart,Dabur Amla Hair Oil : 450 ml,450 ml,199.00,179.00
TRESemme,Shampoo,DMart,Tresemme Keratin Smooth Shampoo : 1 Litre,1 L,775.00,710.00
TRESemme,Shampoo,DMart,TRESemme Smooth & Shine Shampoo : 580 ml,580 ml,445.00,399.00
TRESemme,Shampoo,DMart,TRESemme Keratin Smooth Shampoo : 580 ml,580 ml,465.00,399.00
TRESemme,Shampoo,DMart,Vcare Hair Color Black Shampoo : 25 ml,25 ml,99.00,85.00
TRESemme,Shampoo,DMart,Park Avenue Beer Shampoo : 350 ml,350 ml,260.00,189.00
Tropicana,Juice,DMart,Minute Maid Apple Juice : 1 Litre,1 L,105.00,55.00
Tropicana,Juice,DMart,Minute Maid Guava Juice : 1 Litre,1 L,105.00,53.00
Tropicana,Juice,DMart,Real Pomegranate Juice : 1 Litre,1 L,110.00,95.00
Tropicana,Juice,DMart,Real Fruit Power Guava Juice : 1 Litre,1 L,100.00,70.00
Tropicana,Juice,DMart,Real Fruit Power Mixed Fruit Juice : 1 Litre,1 L,105.00,80.00
Vim,Bathroom Cleaner,DMart,Harpic Bathroom Cleaner - Lemon : 500 ml,500 ml,94.00,88.00
Vim,Bathroom Cleaner,DMart,Harpic Bathroom Cleaner Lemon : 1 Litre,1 L,172.00,160.00
Vim,Bathroom Cleaner,DMart,Vim Dishwash Gel - Lemon : 900 ml,900 ml,199.00,185.00
Vim,Bathroom Cleaner,DMart,Vim Dishwash Bar : 125 gms,125 gm,10.00,9.00
Vim,Bathroom Cleaner,DMart,Vim Dishwash Bar : 300 gms,300 gm,20.00,18.00
Vim,Floor Cleaner,DMart,Germinil Herbal Perfumed Floor Cleaner : 1 Litre,1 L,75.00,40.00
Vim,Floor Cleaner,DMart,Germinil Jasmin Perfumed Floor Cleaner : 1 Litre,1 L,75.00,40.00
Vim,Floor Cleaner,DMart,Sparkle Disinfectant Floor Cleaner - Citrus : 1 Litre,1 L,100.00,85.00
Vim,Floor Cleaner,DMart,Sparkle Disinfectant Floor Cleaner - Citrus : 2 Litres,2 L,200.00,150.00
Vim,Floor Cleaner,DMart,Sparkle Disinfectant Floor Cleaner - Floral : 1 Litre,1 L,100.00,85.00
Whisper,Sanitary Pads,DMart,Whisper Choice Ultra XL Wings Pads : 6 U,6 U,44.00,41.00
Whisper,Sanitary Pads,DMart,Whisper Choice Wings,20 U,85.00,80.00
Whisper,Sanitary Pads,DMart,Whisper Choice Ultra XL Wings Pads : 20 U,20 U,135.00,120.00
Whisper,Sanitary Pads,DMart,Whisper Ultra Clean XL+ Wings Pads : 44 U,44 U,436.00,336.00
Whisper,Sanitary Pads,DMart,Sofy Body fit Antibacterial XL Pads : 54 U,54 U,399.00,299.00
Wild Stone,Deodrant,DMart,Kamasutra Spark Men Deodorant : 260 ml,260 ml,299.00,160.00
Wild Stone,Deodrant,DMart,Engage Blush Women Deodorant : 150 ml,150 ml,195.00,160.00
Wild Stone,Deodrant,DMart,Axe Dark Temptation Deodorant Body Spray : 150 ml,150 ml,200.00,120.00
Wild Stone,Deodrant,DMart,Cinthol Lime Refreshing Deo Soap : 4x150 gms,600 gm,140.00,129.00
Wild Stone,Deodrant,DMart,Nivea Aqua Cool Roll On : 50 ml,50 ml,185.00,140.00
Yardley,Face Powder,DMart,Whitetone Pearl Face Powder : 75 gms,75 gm,125.00,100.00
Yardley,Face Powder,DMart,White Tone Soft Shade Face Powder : 50 gms,50 gm,75.00,60.00
Yardley,Face Powder,DMart,Himalaya Purifying Neem Face Wash : 200 ml,200 ml,190.00,152.00
Yardley,Face Powder,DMart,Himalaya Purifying Neem Face Wash : 150 ml,150 ml,156.00,145.00
Yardley,Face Powder,DMart,Clean & Clear Foaming Facewash : 150 ml,150 ml,165.00,153.00
