Product_Name,Rating,Unit,MRP,Actual_Price,Offer,SBC_Offer
Family Farm Arhar Dal/Toor Dal,0,1 kg,120,108,10% OFF,12% OFF
Grofers Mother's Choice Sooji/Rava,4.1,500 g,30,30,,
Grofers Mother's Choice Black Kishmish/Raisins,3.9,200 g,120,86,28% OFF,30% OFF
Grofers Mother's Choice Kachi Ghani Mustard Oil (Bottle),4,1 l,145,121,16% OFF,17% OFF
Grofers Mother's Choice American Almonds,4.2,500 g,595,425,28% OFF,29% OFF
Family Farm Chana Dal,4.1,1 kg,90,86,,7% OFF
Grofers Mother's Choice Refined Sunflower Oil (Pouch),4,1 l,120,102,15% OFF,15% OFF
Grofers Mother's Choice Everyday/Rozana Basmati Rice,3.5,1 kg,120,72,40% OFF,42% OFF
Grofers Mother's Choice Everyday/Rozana Basmati Rice,3.8,5 kg,490,340,30% OFF,31% OFF
Family Farm Maida,4.2,1 kg,59,46,22% OFF,25% OFF
Family Farm White Urad Gota/Gola,0,1 kg,139,139,,
Tata Salt,4.4,1 kg,20,19,5% OFF,10% OFF
Gold Winner Refined Sunflower Oil (Pouch),4.4,1 l,115,108,6% OFF,
Aashirvaad Shudh Chakki Whole Wheat Atta,4.2,10 kg,490,423,13% OFF,14% OFF
Aashirvaad Shudh Chakki Whole Wheat Atta,4.2,1 kg,57,54,5% OFF,7% OFF
Aashirvaad Shudh Chakki Whole Wheat Atta,4.3,5 kg,270,259,,5% OFF
Family Farm Moong Dal (Dhuli),4.1,1 kg,170,143,15% OFF,17% OFF
Grofers Mother's Choice Black Peppercorns/Kali Mirch,0,100 g,145,74,48% OFF,51% OFF
Grofers Mother's Choice Cumin Seeds/Jeera,0,200 g,90,74,17% OFF,21% OFF
Grofers Mother's Choice Small Black Mustard Seeds/Rai,4.1,200 g,35,27,22% OFF,25% OFF
Fortune Sunlite Refined Sunflower Oil (Pouch),4.3,1l,132,109,17% OFF,
Udhaiyam White Urad Dal (Dhuli),4.3,1 kg,180,170,5% OFF,6% OFF
24 Mantra Organic Whole Wheat Atta,0,5 kg,310,279,10% OFF,10% OFF
Parachute Coconut Oil - Free 100 ml Pack - Brand Offer,0,600ml + 100ml,250,225,10% OFF,11% OFF
Grofers Mother's Choice Raw Peanuts,0,500 g,100,82,18% OFF,21% OFF
Grofers Mother's Choice Raw Peanuts,4.2,1 kg,190,160,15% OFF,18% OFF
24 Mantra Organic Arhar Dal/Toor Dal,0,1 kg,195,176,9% OFF,12% OFF
Grofers Mother's Choice Unpolished Green Moong (Sabut),4.1,500 g,99,97,,5% OFF
Grofers Mother's Choice Unpolished Green Moong (Sabut),4,1 kg,195,192,,
Grofers Mother's Choice Thick Poha,0,500 g,40,39,,5% OFF
Grofers Mother's Choice Kishmish/Raisins,4.1,500 g,255,165,35% OFF,36% OFF
Grofers Mother's Choice Kabuli Chana,4.1,500 g,95,69,27% OFF,29% OFF
Grofers Mother's Choice Kabuli Chana,4.2,1 kg,180,135,25% OFF,27% OFF
Grofers Mother's Choice Indian Green Kishmish/Raisins,4.1,200 g,165,75,54% OFF,56% OFF
Grofers Mother's Choice W320 Cashews,4.1,500 g,807,428,46% OFF,47% OFF
Grofers Mother's Choice W320 Cashews,4.1,200 g,324,181,44% OFF,44% OFF
YES Idli Rice,4.5,5 kg,220,196,10% OFF,11% OFF
Grofers Mother's Choice Finest American Almonds,4.2,200 g,250,173,30% OFF,31% OFF
Grofers Mother's Choice Jaggery,4.1,500 g,50,50,,
Grofers Mother's Choice Turmeric Powder/Haldi - Buy 1 Get 1 Free,4.2,2x100 g,60,30,50% OFF,51% OFF
Grofers Mother's Choice Turmeric Powder/Haldi,4.2,500 g,145,69,52% OFF,53% OFF
Grofers Mother's Choice Turmeric Powder/Haldi,0,100 g,30,16,46% OFF,50% OFF
Grofers Mother's Choice Fried Gram/Chana Roasted Dal,4.3,500 g,70,63,10% OFF,12% OFF
Family Farm Maida,4.2,500 g,36,25,30% OFF,33% OFF
Grofers Mother's Choice Walnut Kernels,3.9,200 g,395,307,22% OFF,23% OFF
L.G Compounded Hing Powder,4.4,100 g,154,144,6% OFF,7% OFF
Grofers Mother's Choice Red Chilli Powder,0,100 g,45,30,33% OFF,35% OFF
Grofers Mother's Choice Red Chilli Powder,4.1,500 g,160,141,11% OFF,15% OFF
Tata Sampann Unpolished Arhar Dal/Toor Dal,4.3,1 kg,149,133,10% OFF,12% OFF
Grofers Mother's Choice Tamarind Whole,0,500 g,150,119,20% OFF,23% OFF
Grofers Mother's Choice Tamarind Whole,4,200 g,75,68,9% OFF,13% OFF
Family Farm Urad Dal (Dhuli),4,1 kg,150,127,15% OFF,16% OFF
Grofers Mother's Choice Cow Ghee,4.1,1 l,500,462,7% OFF,7% OFF
VKR Sivaji Premium Boiled Ponni Rice,4.5,25 kg,1660,1660,,
Jersey Cow Ghee,4.1,1 l,590,512,13% OFF,13% OFF
Jersey Cow Ghee,5,500 ml,295,257,12% OFF,13% OFF
Grofers Mother's Choice Big Black Mustard Seeds,4.2,200 g,30,29,,6% OFF
Nandini Pure Cow Ghee,4.3,1 l,490,462,5% OFF,
Idhayam Sesame Oil/Til Oil,0,1 l,330,327,,
SVS Refined Groundnut Oil,5,1 l,200,193,,
Grofers Mother's Choice Coriander Seeds/Dhania,4.2,200 g,75,58,22% OFF,25% OFF
Udhaiyam Chana Dal,4,1 kg,98,90,8% OFF,11% OFF
Grofers Mother's Choice - Saunf Seeds,4.1,200 g,95,57,40% OFF,42% OFF
Grofers Mother's Choice Jaggery Powder,4.1,500 g,55,49,10% OFF,14% OFF
Grofers Mother's Choice Unpolished Yellow Moong Dal (Dhuli),4,1 kg,170,170,,
Grofers Mother's Choice Unpolished Yellow Moong Dal (Dhuli),4.1,500 g,90,90,,
Everest Tikhalal Red Chilli Powder,4.3,100 g,36,36,,
Fortune Premium Kachi Ghani Pure Mustard Oil (Bottle),4.3,1 l,155,138,10% OFF,
Family Farm Kala Chana/Brown Chana,4.2,1 kg,90,81,10% OFF,13% OFF
Naga Samba Wheat Sooji/Rava,5,500 g,65,65,,
Harina Sesame Oil,4.1,1 l,320,295,7% OFF,8% OFF
O'range Coconut Oil (Bottle),4.1,500 ml,219,125,42% OFF,44% OFF
Family Farm Cashews,0,500 g,750,386,48% OFF,50% OFF
Parachute Pure Coconut Oil (Bottle),4.3,300 ml,122,122,,
Grofers Mother's Choice Cassia Sticks/Dalchini,4.2,50 g,35,33,5% OFF,8% OFF
Grofers Mother's Choice Broken Cashews/Kaju,3.9,200 g,304,157,48% OFF,49% OFF
Grofers Mother's Choice Compounded Hing Powder,0,25 g,40,34,15% OFF,17% OFF
Grofers Mother's Choice Compounded Hing Powder,4.2,50 g,75,65,13% OFF,16% OFF
Grofers Mother's Choice Ginger Garlic Paste,4.1,200 g,46,44,,8% OFF
YES Rajabhogam Boiled Ponni Rice,0,5 kg,305,263,13% OFF,16% OFF
Grofers Mother's Choice Dried Figs/Anjeer,3.7,200 g,320,263,17% OFF,18% OFF
Safe Harvest Pesticide Free White Urad Gota/Gola,4.3,1 kg,170,161,5% OFF,6% OFF
Safe Harvest Pesticide Free White Urad Gota/Gola,3.9,500 g,95,92,,6% OFF
Gold Winner Sunflower Oil (Jar),3.9,5 l,603,603,,
Aashirvaad Multigrain Atta,0,5 kg,310,291,6% OFF,7% OFF
Aashirvaad Multigrain Atta,0,1 kg,64,60,6% OFF,7% OFF
Grofers Mother's Choice Idli Sooji/Rava,3.9,500 g,30,29,,6% OFF
Kohinoor Charminar Rozana Basmati Rice,4.1,5 kg,515,344,33% OFF,33% OFF
Grofers Mother's Choice Salted Pistachios,0,200 g,325,293,9% OFF,10% OFF
Family Farm Malka Masoor,4.1,1 kg,99,99,,
Grofers Mother's Choice Sharbati Atta,4.2,5 kg,275,185,32% OFF,33% OFF
Grofers Mother's Choice Sharbati Atta,4.1,1 kg,55,41,25% OFF,27% OFF
Grofers Mother's Choice Maida,4.2,500g,30,27,10% OFF,13% OFF
Saffola Tasty Pro Fitness Conscious Blended Cooking Oil (Pouch),0,1 l,120,110,8% OFF,10% OFF
Grofers Mother's Choice MP Chakki Fresh Atta,4.1,5 kg,245,178,27% OFF,28% OFF
Grofers Mother's Choice MP Chakki Fresh Atta,4.1,10 kg,440,352,20% OFF,20% OFF
Safe Harvest Pesticide Free Wheat Daliya,4,500 g,39,39,,
Grofers Mother's Choice Coriander Powder/Dhania,4.2,500 g,155,76,50% OFF,52% OFF
Grofers Mother's Choice Coriander Powder/Dhania,4.1,100 g,32,17,46% OFF,50% OFF
Mr. Gold Refined Rice Bran Oil (Pouch),4.1,1 l,135,104,22% OFF,23% OFF
Grofers Mother's Choice Unpolished Green Moong Dal (Chilka),4.2,500 g,85,85,,
Grofers Mother's Choice Roasted Sooji/Rava,3.8,500 g,39,36,7% OFF,12% OFF
Safe Harvest Pesticide Free 12 Months Old Raw Sonamasuri Rice,0,5 kg,429,367,14% OFF,17% OFF
Safe Harvest Pesticide Free Cumin Seeds/Jeera,4.4,100 g,49,44,10% OFF,14% OFF
Daawat Rozana Super Basmati Rice,4,5 kg,435,325,25% OFF,25% OFF
Grofers Mother's Choice Besan,4.2,500 g,50,46,8% OFF,12% OFF
Grofers Happy Day Roasted & Salted Pistachios (Pouch),0,200 g,470,271,42% OFF,44% OFF
Grofers Mother's Choice Kashmiri Red Chilli Powder,0,50 g,32,20,37% OFF,40% OFF
Grofers Mother's Choice Powder Black Salt,0,100 g,20,10,50% OFF,55% OFF
Grofers Mother's Choice White Sesame Seeds/Til,4.2,100 g,45,33,26% OFF,28% OFF
Grofers Mother's Choice Kasoori Methi,0,50 g,40,18,55% OFF,57% OFF
Grofers Mother's Choice Unpolished Arhar Dal/Toor Dal,4.2,1 kg,140,135,,5% OFF
Grofers Mother's Choice Unpolished Chana Dal,4.1,1 kg,120,105,12% OFF,15% OFF
Grofers Mother's Choice Unpolished Chana Dal,4.2,500 g,60,57,5% OFF,8% OFF
Grofers Mother's Choice Small Sabudana/Motidana/Sago,3.9,500 g,70,63,10% OFF,12% OFF
YES Premium Raw Ponni Rice,4.2,25 kg,1500,1252,16% OFF,19% OFF
Grofers Mother's Choice White Dried Peas,0,500 g,69,69,,
Naga Maida,5,1 kg,60,60,,
Grofers Mother's Choice Byadgi Chilli Whole,4,100 g,80,68,15% OFF,17% OFF
Mr. Gold Refined Sunflower Oil (Jar),4,5 l,600,534,11% OFF,11% OFF
Grofers Mother's Choice Sendha Salt,4.1,200 g,35,19,45% OFF,48% OFF
Grofers Mother's Choice Flax Seeds,4.2,100 g,50,16,68% OFF,70% OFF
Family Farm Broken Mogra Basmati Rice,0,10 kg,650,410,36% OFF,37% OFF
Grofers Mother's Choice Green Cardamom Whole/Elaichi,0,50 g,345,250,27% OFF,28% OFF
Safe Harvest Pesticide Free Khandsari Sugar,4.1,500 g,59,50,15% OFF,15% OFF
Grofers Mother's Choice Shahjeera Cumin Seeds/Jeera,4.2,20 g,40,27,32% OFF,35% OFF
Grofers Mother's Choice Afghan Kishmish/raisins,3.7,100 g,80,61,23% OFF,26% OFF
Grofers Mother's Choice Split Cashews,3.4,200 g,250,169,32% OFF,33% OFF
Grofers Mother's Choice Whole-240 Cashews,4.4,200 g,290,199,31% OFF,32% OFF
Grofers Mother's Choice Unpolished Red Masoor Dal,4,500 g,65,65,,
Grofers Mother's Choice Sambhar Masala,3.5,50 g,32,20,37% OFF,40% OFF
Grofers Mother's Choice Chat Masala,3.8,50 g,32,20,37% OFF,40% OFF
Grofers Mother's Choice Wheat Daliya/Lapsi,4.1,500g,56,50,10% OFF,14% OFF
Grofers Mother's Choice Plain Makhana/Foxnuts,0,100 g,140,108,22% OFF,25% OFF
Grofers Mother's Choice Diamond Mishri,0,200 g,30,19,36% OFF,40% OFF
Grofers Mother's Choice Diamond Mishri,0,100 g,19,13,31% OFF,31% OFF
Safe Harvest Pesticide Free Wheat Atta (Pouch),3.7,1 kg,59,54,8% OFF,11% OFF
Grofers Mother's Choice Desi Ghee,0,1 l,500,420,16% OFF,16% OFF
Grofers Mother's Choice Clove Whole/Laung,4.1,50 g,95,56,41% OFF,43% OFF
Grofers Mother's Choice Delux Boiled Ponni Rice/Puzhungal Arisi,0,5 kg,335,319,,7% OFF
Safe Harvest Pesticide Free Whole Green Moong (Sabut),0,500 g,85,78,8% OFF,11% OFF
Grofers Mother's Choice Unpolished Black Urad (Sabut),4.1,500 g,90,87,,6% OFF
Safe Harvest Pesticide Free Wheat Atta,0,5 kg,269,257,,5% OFF
Grofers Mother's Choice Idli Rice,4.1,1 kg,60,57,5% OFF,8% OFF
Grofers Mother's Choice Idli Rice,0,5 kg,275,272,,
Grofers Mother's Choice Pulses Soyabeans,0,500 g,65,56,13% OFF,16% OFF
Mr. Gold Refined Sunflower Oil (Pouch),0,1 l,130,106,18% OFF,19% OFF
Grofers Mother's Choice Regular Soya Chunks,3.9,200 g,45,43,,6% OFF
Grofers Mother's Choice Unpolished White Urad Gota/Gola,4.2,500 g,90,89,,
Safe Harvest Pesticide Free Mustard Seeds,4.1,100 g,29,29,,
Safe Harvest Pesticide Free Puffed Regular Rice,4.2,500 g,83,75,9% OFF,12% OFF
Grofers Mother's Choice Red Lobiya,0,500 g,59,59,,
Grofers Mother's Choice Ajwain Seeds,0,100 g,65,41,36% OFF,38% OFF
Grofers Mother's Choice Poppy Seeds/Khus Khus,4.1,100 g,190,190,,
Grofers Mother's Choice Green Dried Peas,0,500 g,99,99,,
Grofers Mother's Choice Puffed Rice,0,200 g,35,30,14% OFF,17% OFF
Catch Amchur Powder,4.3,100 g,70,62,11% OFF,14% OFF
Safe Harvest Pesticide Free Bajra Flour,4.7,500 g,45,45,,
Saffola Gold Pro Healthy Lifestyle Blended Cooking Oil (Pouch),4.2,1 l,159,149,6% OFF,7% OFF
Grofers Mother's Choice Unpolished Black Urad Dal (Chilka),4,500 g,85,85,,
24 Mantra Organic Kabuli Chana,0,500 gm,90,90,,
Safe Harvest Pesticide Free Kabuli Chana,0,500 g,80,75,6% OFF,10% OFF
Safe Harvest Pesticide Free Kabuli Chana,4,1 kg,150,142,5% OFF,8% OFF
Grofers Mother's Choice Plain Pistachios,4,100 g,400,221,44% OFF,45% OFF
Grofers Mother's Choice Black Cardamom Whole/Elaichi,0,50 g,140,61,56% OFF,57% OFF
Grofers Happy Day Sunflower Seeds (Pouch),3.7,100 g,70,50,28% OFF,31% OFF
Grofers Mother's Choice Everyday/Rozana Basmati Rice + Sharbati Atta + Unpolished Arhar Dal/Toor Dal Combo,0,5kg + 5kg + 1kg,905,649,28% OFF,
Grofers Mother's Choice Chicken Masala,3.6,50 g,37,21,43% OFF,45% OFF
Grofers Mother's Choice Dubar Basmati Rice,3.7,5 kg,605,338,44% OFF,44% OFF
Grofers Mother's Choice Dubar Basmati Rice,3.4,1 kg,125,73,41% OFF,44% OFF
Grofers Mother's Choice California Whole Walnuts,3.9,500 g,475,373,21% OFF,22% OFF
Grofers Mother's Choice California Whole Walnuts,3.6,200 g,139,139,,
Grofers Happy Day Roasted & Salted Flavoured Cashew (Pouch),3.8,200 g,400,228,43% OFF,
Grofers Mother's Choice Unpolished Split White Urad Dal (Dhuli),4.1,500 g,90,90,,
Family Farm Sooji/Rava,4.1,500 g,38,29,23% OFF,26% OFF
24 Mantra Organic Coriander Seeds/Dhania,0,100 g,60,54,10% OFF,13% OFF
Safe Harvest Pesticide Free Foxtail Millet,5,500 g,77,77,,
24 Mantra Organic Brown Sonamasuri Rice,0,1 kg,95,86,9% OFF,12% OFF
24 Mantra Organic Sonamasuri Rice,0,5 kg,475,475,,
Grofers Mother's Choice Steam Sonamasuri Rice,3.9,5 kg,429,346,19% OFF,20% OFF
SVS Refined Sunflower Oil,0,1 l,150,119,20% OFF,21% OFF
Grofers Mother's Choice Bansi Sooji/Rava,0,500 g,39,34,12% OFF,15% OFF
Safe Harvest Pesticide Free Moth Dal,3.4,200 g,45,45,,
Family Farm Urad Dal (Chilka),3.9,1 kg,150,150,,
Safe Harvest Pesticide Free Red Poha,4,500 g,60,55,8% OFF,11% OFF
Safe Harvest Kashmiri Red Rajma,0,500 g,95,86,9% OFF,12% OFF
Pillsbury Chakki Fresh Atta,4.2,10 kg,490,475,,
Pillsbury Chakki Fresh Atta,4.5,5 kg,270,263,,
Family Farm Almonds,3.8,500 g,500,396,20% OFF,21% OFF
Family Farm Idli Rice,4,1 kg,60,50,16% OFF,20% OFF
Grofers Happy Day Roasted & Salted Flavoured Almonds (Pouch),4.1,200 g,375,196,47% OFF,
Grofers Mother's Choice Unpolished Black Masoor Sabut,4.1,500 g,60,60,,
Grofers Mother's Choice Cumin Powder/Jeera,4.2,50 g,35,22,37% OFF,40% OFF
Grofers Mother's Choice Mogra Basmati Rice,0,5 kg,375,298,20% OFF,21% OFF
Grofers Mother's Choice Mogra Basmati Rice,2.8,1 kg,75,64,14% OFF,17% OFF
Grofers Mother's Choice Paneer Masala,4.1,50 g,40,23,42% OFF,45% OFF
Grofers Mother's Choice Basil Seeds,4.4,100 g,75,50,33% OFF,36% OFF
Safe Harvest Pesticide Free Broken Rice,0,5 kg,250,249,,
Safe Harvest Pesticide Free Broken Rice,3.7,1 kg,50,50,,
Safe Harvest Pesticide Free Unpolished Brown Rice,0,5 kg,439,373,15% OFF,15% OFF
Safe Harvest Pesticide Free Unpolished Brown Rice,3.8,1 kg,90,86,,7% OFF
Safe Harvest Pesticide Free Arhar Dal/Toor Dal,1,500 g,90,81,10% OFF,13% OFF
Safe Harvest Pesticide Free Arhar Dal/Toor Dal,4.4,1 kg,170,155,8% OFF,10% OFF
Safe Harvest Pesticide Free Bengal gram Kala Chana/Brown Chana,0,1 kg,139,128,7% OFF,8% OFF
Safe Harvest Pesticide Free Yellow Moong Dal (Dhuli),3.5,1 kg,170,155,8% OFF,10% OFF
Daawat Rozana Gold Basmati Rice,4.2,5 kg,495,374,24% OFF,26% OFF
Saffola Active Pro Weight Watchers Blended Cooking Oil (Pouch),0,1 l,145,135,6% OFF,8% OFF
Sugar Free Gold Sweetener,4,500 tablets,250,238,,6% OFF
Safe Harvest Raw Sonamasuri Rice,4.1,1 kg,90,78,13% OFF,16% OFF
Safe Harvest Pesticide Free White Urad Dal (Dhuli),4,500 g,85,82,,7% OFF
Grofers Mother's Choice Safawi Dates,0,250 g,315,192,39% OFF,39% OFF
Safe Harvest Pesticide Free Jaggery Powder,4.3,500 g,70,66,5% OFF,8% OFF
Grofers Mother's Choice Long Grain Regular Rice,3,5 kg,490,281,42% OFF,43% OFF
Grofers Mother's Choice Brown Dried Dates,0,200 g,180,88,51% OFF,52% OFF
Safe Harvest Pesticide Free Sharbati Sharbati Wheat,0,1 kg,49,49,,
Safe Harvest Pesticide Free Chana Dal,0,500 g,75,67,10% OFF,14% OFF
Safe Harvest Pesticide Free Chana Dal,4,1 kg,150,137,8% OFF,11% OFF
Grofers Mother's Choice Mini Mogra Basmati Rice,3.4,5 kg,350,272,22% OFF,23% OFF
Grofers Mother's Choice Mini Mogra Basmati Rice,3.4,1 kg,70,59,15% OFF,18% OFF
Grofers Mother's Choice Chole Masala,4,50 g,32,20,37% OFF,40% OFF
Grofers Mother's Choice Kodo Millet/Araka,4.3,500 g,69,68,,
Safe Harvest Pesticide Free Little Millet,4.1,500 g,77,77,,
Safe Harvest Pesticide Free Besan,0,500 g,79,71,10% OFF,12% OFF
Saffola Gold Pro Healthy Lifestyle Edible Oil (Pouch) - Pack of 3,0,3x1 l,477,425,10% OFF,11% OFF
Grofers Mother's Choice Sabzi Masala,3.9,50 g,33,20,39% OFF,42% OFF
Saffola Tasty Pro Fitness Conscious Jar Blended Cooking Oil (Jar),0,5 l,610,600,,
Kohinoor Charminar Everyday Basmati Rice,3.7,5 kg,445,321,27% OFF,28% OFF
Saffola Active Pro Weight Watchers Edible Oil (Jar) + Active Pro Weight Watchers Edible Oil (Pouch) Combo,0,5l + 1l,825,725,12% OFF,12% OFF
Grofers Happy Day Flax Seeds (Pouch),4,100 g,75,27,64% OFF,65% OFF
Kohinoor Dubar Basmati Rice,3.4,5 kg,620,467,24% OFF,27% OFF
Grofers Mother's Choice Pav Bhaji Masala,3.7,50 g,32,20,37% OFF,40% OFF
Saffola Active Pro Weight Watchers Edible Oil (Pouch) - Pack of 3,4.2,3x1 l,435,385,11% OFF,12% OFF
Grofers Mother's Choice Meat Masala,0,50 g,37,21,43% OFF,45% OFF
Grofers Mother's Choice Foxtail Millet,4,500 g,75,68,9% OFF,12% OFF
Grofers Mother's Choice Dosa Rice,0,1 kg,62,48,22% OFF,25% OFF
Sugarlite with half the Calories Sweetener (Pouch),3.7,500 g,99,60,39% OFF,40% OFF
Family Farm Economy Boiled Ponni Rice/Puzhungal Arisi,2.8,10 kg,450,358,20% OFF,
Everest Hing Powder,3.8,100 g,160,160,,
The Boss Economy Boiled Ponni Rice,4,25 kg,1050,926,11% OFF,14% OFF
The Boss Economy Boiled Ponni Rice,1,5 kg,220,209,5% OFF,7% OFF
Family Farm Desi Ghee,2.9,1 l,425,355,16% OFF,16% OFF
Parachute Pure Coconut Oil,4.2,1 l,380,380,,
Dabur Hommade Tomato Puree (Tetra Pak),4.4,200 g,25,25,,
Aadhaar Refined Sunflower Oil (Pouch),4.2,1 l,127,105,17% OFF,
Saffola Active Pro Weight Watchers Blended Cooking Oil (Jar),4.3,5 l,680,669,,
Saffola Gold Pro Healthy Lifestyle Blended Cooking Oil (Jar),0,5 l,825,811,,
Sugar Free Green 100% Natural Sweetener (Pouch),0,200 g,165,149,9% OFF,12% OFF
Sugar Free Green Sweetener,0,300 tablets,215,194,9% OFF,12% OFF
Safe Harvest Pesticide Free Kodo Millet,0,500 g,77,77,,
Dabur Hommade Coconut Milk (Tetra Pak),3.9,200 ml,75,75,,
Figaro Spanish Brand Olive Oil (Tin),5,500 ml,575,525,8% OFF,9% OFF
Fortune Sunlite Refined Sunflower Oil (Jar),0,5 l,685,563,17% OFF,
Sundrop Superlite Advanced Sunflower Oil (Jar),0,3 l,430,406,5% OFF,5% OFF
Sundrop Superlite Advanced Sunflower Oil (Jar),0,5 l,988,988,,
Sundrop Superlite Advanced Sunflower Oil (Pouch),4.2,1 l,195,193,,
Family Farm Premium Arhar Dal/Toor Dal,3.7,1 kg,130,113,13% OFF,16% OFF
Parry's White Label Sugar,0,1 kg,50,49,,
Grofers Mother's Choice Yellow Mustard Seeds,4.1,100 g,20,19,5% OFF,10% OFF
Grofers Mother's Choice Biryani Basmati Rice,4.1,1 kg,215,102,52% OFF,54% OFF
Fortune Everyday Hamesha Basmati Rice,3.6,5 kg,425,301,29% OFF,30% OFF
Daawat Devaaya Basmati Rice,4.3,5 kg,545,429,21% OFF,22% OFF
Family Farm Cow Ghee,0,1 l,425,379,10% OFF,11% OFF
Gowardhan Swarna Pure Cow Ghee (Jar),0,1 l,639,572,10% OFF,10% OFF
Grofers Mother's Choice Gundu Chilli Whole,3.6,100 g,75,40,46% OFF,49% OFF
Family Farm Kabuli Chana,4.1,1 kg,99,98,,
Fortune Health Refined Rice Bran Oil (Pouch),4.3,1 l,130,111,14% OFF,
Fortune Health Refined Rice Bran Oil (Jar),0,5l,675,596,11% OFF,
Orysa Refined Rice Bran Oil,0,1 l,118,118,,
Mr. Gold Filtered Groundnut Oil (Pouch),0,1 l,200,176,12% OFF,13% OFF
Saffola Gold Pro Healthy Lifestyle Edible Oil (5l + 1l) Combo,4.8,5l + 1l,984,795,19% OFF,20% OFF
Grofers Mother's Choice Long Grain Regular Rice (Packet),0,1 kg,120,60,50% OFF,51% OFF
Kohinoor Charminar Long Grains Regular Rice,3.3,5 kg,499,309,38% OFF,38% OFF
Sundrop GoldLite Blended Cooking Oil (Jar),0,5 l,713,713,,
Sugar Free Natura Sweetener,4.6,100 g,145,134,7% OFF,10% OFF
Sugar Free Natura Sweetener,0,300 tablets,190,190,,
Grofers Mother's Choice Rajabhogam Boiled Boiled Ponni Rice/Puzhungal Arisi,3.5,5 kg,350,350,,
24 Mantra Organic Wheat Daliya,0,500 gm,45,45,,
Tata Sampann Unpolished Yellow Moong Dal (Dhuli),4.2,500 g,96,96,,
Grofers Happy Day Imli Laddu Mouth Freshener,0,200 g,120,75,37% OFF,40% OFF
Grofers Happy Day Madrasi Saunf Mouth Freshener,0,180 g,120,76,36% OFF,39% OFF
Grofers Happy Day Aplam Chaplam Mouth Freshener,0,165 g,120,79,34% OFF,36% OFF
Grofers Happy Day Anardana Goli Mouth Freshener,0,210 g,120,81,32% OFF,35% OFF
Grofers Happy Day Heeng Ki Tikiya Mouth Freshener,0,200 g,120,82,31% OFF,34% OFF
Grofers Happy Day Satrangi Mix Mouth Freshener,0,200 g,120,82,31% OFF,34% OFF
Grofers Happy Day Meetha Amla Mouth Freshener,0,160 g,120,85,29% OFF,31% OFF
Grofers Happy Day Dilbahar Mix Mouth Freshener,0,160 g,120,89,25% OFF,28% OFF
Grofers Happy Day Green Mix Mouth Freshener,0,210 g,120,90,25% OFF,27% OFF
Grofers Happy Day Shahi Mix Mouth Freshener,0,180 g,120,98,18% OFF,20% OFF
Naga Roasted Roasted Sooji/Rava,0,1 kg,65,65,,
Grofers Mother's Choice Sihore Sharbati Sharbati Wheat,4.7,1 kg,79,65,17% OFF,20% OFF
Sugar Free Natura Diet Sweetener,4.7,80 g,240,228,5% OFF,5% OFF
